[
    {
        "codigo": "1",
        "lang": "eu",
        "title": "Indarra"
    },
    {
        "codigo": "2",
        "lang": "eu",
        "title": "Propiozepzioa"
    },
    {
        "codigo": "3",
        "lang": "eu",
        "title": "Malguntasuna"
    },
    {
        "codigo": "4",
        "lang": "eu",
        "title": "Mugikortasuna"
    },
    {
        "codigo": "5",
        "lang": "eu",
        "title": "Abiadura"
    },
    {
        "codigo": "6",
        "lang": "eu",
        "title": "Arintasuna"
    },
    {
        "codigo": "7",
        "lang": "eu",
        "title": "Erresistentzia"
    },
    {
        "codigo": "8",
        "lang": "eu",
        "title": "Potentzia"
    }
]