﻿[
    {
        "codigo": "5",
        "evo_cod": "V5",
        "vit_id": "0",
        "vit_vid_id": "0",
        "lang": "es",
        "title": "SQUAT",
        "text1": "Uno de los reyes del entrenamiento. Piernas y core activados al máximo",
        "text2": "",
        "cues": "Activa cuádriceps y glúteos;Mantén firme la espalda;Realiza el movimiento con fluidez",
        "vimeo": "",
        "moves": "8",
        "skills": "1, 8",
        "targets": "8, 9, 14, 1",
        "vid_align": "0.00",
        "vid_switch": "-1",
        "maq": "0",
        "vid_md5": "",
        "vid_local": "-1"
    },
    {
        "codigo": "6",
        "evo_cod": "V6",
        "vit_id": "0",
        "vit_vid_id": "0",
        "lang": "es",
        "title": "ABDOMINAL BENCH CRUNCH",
        "text1": "Exhala al subir. Activa los abdominales. ",
        "text2": "",
        "cues": "Exhala al subir;Activa los abdominales",
        "vimeo": "",
        "moves": "5, 2",
        "skills": "1",
        "targets": "1, 3",
        "vid_align": "0.00",
        "vid_switch": "-1",
        "maq": "0",
        "vid_md5": "",
        "vid_local": "-1"
    },
    {
        "codigo": "8",
        "evo_cod": "V8",
        "vit_id": "0",
        "vit_vid_id": "0",
        "lang": "es",
        "title": "Abdominal hollow",
        "text1": "Activa tu transverso abdominal  protege tu espalda con este movimiento controlado",
        "text2": "",
        "cues": "Exhala activando los abdominales;Espalda relajada;Piernas al ancho de la cadera",
        "vimeo": "",
        "moves": "2",
        "skills": "1",
        "targets": "1",
        "vid_align": "0.00",
        "vid_switch": "-1",
        "maq": "0",
        "vid_md5": "",
        "vid_local": "-1"
    },
    {
        "codigo": "9",
        "evo_cod": "V9",
        "vit_id": "0",
        "vit_vid_id": "0",
        "lang": "es",
        "title": "Abdominal Contracción",
        "text1": "Activa ese músculo tan dificil de activar como es el transverso, con este sencillo ejercicio",
        "text2": "",
        "cues": "Respirar normalmente;No arquear la zona lumbar;Piernas relajadas",
        "vimeo": "",
        "moves": "2",
        "skills": "1, 2",
        "targets": "1",
        "vid_align": "0.00",
        "vid_switch": "-1",
        "maq": "0",
        "vid_md5": "",
        "vid_local": "1"
    },
    {
        "codigo": "11",
        "evo_cod": "V11",
        "vit_id": "0",
        "vit_vid_id": "0",
        "lang": "es",
        "title": "ESTIRAMIENTO ADDUCTOR",
        "text1": "Estiramiento de los diferentes músculos adductores",
        "text2": "",
        "cues": "Codos empujan hacia abajo;Espalda relajada;Respira de manera fluida",
        "vimeo": "",
        "moves": "4",
        "skills": "3, 4",
        "targets": "4",
        "vid_align": "0.00",
        "vid_switch": "-1",
        "maq": "0",
        "vid_md5": "",
        "vid_local": "-1"
    },
    {
        "codigo": "24",
        "evo_cod": "V24",
        "vit_id": "0",
        "vit_vid_id": "0",
        "lang": "es",
        "title": "BIRD DOG",
        "text1": "Ejercicio de activación cruzada y protector de la salud vertebral",
        "text2": "",
        "cues": "Cuerpo horizontal;Caderas alineadas;No arquear excesivamente la espalda",
        "vimeo": "",
        "moves": "2",
        "skills": "1, 2",
        "targets": "1, 11, 10",
        "vid_align": "0.00",
        "vid_switch": "-1",
        "maq": "0",
        "vid_md5": "",
        "vid_local": "1"
    },
    {
        "codigo": "25",
        "evo_cod": "V25",
        "vit_id": "0",
        "vit_vid_id": "0",
        "lang": "es",
        "title": "BIRD DOG",
        "text1": "Ejercicio fundamental para el fortalecimiento de los musculo anti - flexión de cadera y columna",
        "text2": "",
        "cues": "Sube pierna y brazo contrarios;Exhala al subir;Espalda firme",
        "vimeo": "",
        "moves": "2",
        "skills": "1, 2",
        "targets": "1, 10, 2",
        "vid_align": "0.00",
        "vid_switch": "1",
        "maq": "0",
        "vid_md5": "",
        "vid_local": "-1"
    },

    {
        "codigo": "27",
        "evo_cod": "V27",
        "vit_id": "0",
        "vit_vid_id": "0",
        "lang": "es",
        "title": "BURPEE",
        "text1": "Uno de los clásicos para el entrenamiento de fuerza, coordinación y resistencia",
        "text2": "",
        "cues": "Activa los abdominales para despegar;Brazos firmer al aterrizar;Respiración fluida",
        "vimeo": "",
        "moves": "1, 7, 8, 5",
        "skills": "8, 6, 7",
        "targets": "8, 9, 13, 14, 1, 2",
        "vid_align": "0.00",
        "vid_switch": "-1",
        "maq": "0",
        "vid_md5": "",
        "vid_local": "-1"
    },
    {
        "codigo": "33",
        "evo_cod": "V33",
        "vit_id": "0",
        "vit_vid_id": "0",
        "lang": "es",
        "title": "CRUNCH",
        "text1": "Clásico ejercicio de congestión abdominal",
        "text2": "",
        "cues": "Exhala al subir;Activa los abdominales;Piernas elevadas con flexión de rodillas",
        "vimeo": "",
        "moves": "6, 2, 5",
        "skills": "1",
        "targets": "1",
        "vid_align": "0.00",
        "vid_switch": "-1",
        "maq": "0",
        "vid_md5": "",
        "vid_local": "-1"
    },
    {
        "codigo": "34",
        "evo_cod": "V34",
        "vit_id": "0",
        "vit_vid_id": "0",
        "lang": "es",
        "title": "CRUNCH 1 PIERNA",
        "text1": "Este ejercicio aislará de forma muy intensa tu musculatura abdominal",
        "text2": "",
        "cues": "Flexión de tronco, no cadera;Inspirar al bajar;Espirar al subir",
        "vimeo": "",
        "moves": "6, 2, 5",
        "skills": "1",
        "targets": "1",
        "vid_align": "0.00",
        "vid_switch": "-1",
        "maq": "0",
        "vid_md5": "",
        "vid_local": "1"
    },
    {
        "codigo": "35",
        "evo_cod": "V35",
        "vit_id": "0",
        "vit_vid_id": "0",
        "lang": "es",
        "title": "ESTIRAMIENTO CUADRICEPS",
        "text1": "Estiramiento de cuadriceps",
        "text2": "",
        "cues": "Cuerpo relajado;Tronco recto;Respirar con normalidad",
        "vimeo": "",
        "moves": "4",
        "skills": "3, 4",
        "targets": "8",
        "vid_align": "0.00",
        "vid_switch": "1",
        "maq": "0",
        "vid_md5": "",
        "vid_local": "1"
    },
    {
        "codigo": "36",
        "evo_cod": "V36",
        "vit_id": "0",
        "vit_vid_id": "0",
        "lang": "es",
        "title": "ESTIRAMIENTO CUADRICEPS",
        "text1": "Estiramiento de cuadriceps",
        "text2": "",
        "cues": "Espalda recta;Realiza una presión moderada;Respira de manera fluida",
        "vimeo": "",
        "moves": "4",
        "skills": "3, 4",
        "targets": "8",
        "vid_align": "0.00",
        "vid_switch": "1",
        "maq": "0",
        "vid_md5": "",
        "vid_local": "-1"
    },
    {
        "codigo": "43",
        "evo_cod": "V43",
        "vit_id": "0",
        "vit_vid_id": "0",
        "lang": "es",
        "title": "DOMINADAS AGARRE SUPINO",
        "text1": "Variante menos exigente de este clasico ejercicio",
        "text2": "",
        "cues": "Activa la parte alta de la espalda (dorsales);Extensión completa de brazos;Activa los abdominales",
        "vimeo": "",
        "moves": "6, 4",
        "skills": "1, 8",
        "targets": "11, 12",
        "vid_align": "0.00",
        "vid_switch": "-1",
        "maq": "0",
        "vid_md5": "",
        "vid_local": "-1"
    },
    {
        "codigo": "44",
        "evo_cod": "V44",
        "vit_id": "0",
        "vit_vid_id": "0",
        "lang": "es",
        "title": "DYNAMIC LUNGE CON SALTO",
        "text1": "Variación del lunge que implica mayor resistencia muscular",
        "text2": "",
        "cues": "Espalda firme;Rodillas controladas al apoyar;Respirar fluidamente",
        "vimeo": "",
        "moves": "9",
        "skills": "1, 7",
        "targets": "8, 9, 13, 14",
        "vid_align": "0.00",
        "vid_switch": "-1",
        "maq": "0",
        "vid_md5": "",
        "vid_local": "-1"
    },
    {
        "codigo": "49",
        "evo_cod": "49-Elevacionlateralmancuernas",
        "vit_id": "0",
        "vit_vid_id": "0",
        "lang": "es",
        "title": "ELEVACIONES LATERALES MANCUERNAS",
        "text1": "",
        "text2": "",
        "cues": "Rodillas semi flexionadas;Codos semi flexionados;Exhala al subir los brazos",
        "vimeo": "",
        "moves": "1",
        "skills": "1, 4",
        "targets": "2",
        "vid_align": "0.00",
        "vid_switch": "-1",
        "maq": "0",
        "vid_md5": "",
        "vid_local": "-1"
    },
    {
        "codigo": "51",
        "evo_cod": "V51",
        "vit_id": "0",
        "vit_vid_id": "0",
        "lang": "es",
        "title": "Estático monopodal sin visión",
        "text1": "Ejercicio para la mejora del equilibrio y propiocepción dinamica",
        "text2": "",
        "cues": "Activar el core;Ojos cerrados;Movimiento controlado",
        "vimeo": "",
        "moves": "2",
        "skills": "2",
        "targets": "1",
        "vid_align": "0.00",
        "vid_switch": "1",
        "maq": "0",
        "vid_md5": "",
        "vid_local": "1"
    },
    {
        "codigo": "53",
        "evo_cod": "V53",
        "vit_id": "0",
        "vit_vid_id": "0",
        "lang": "es",
        "title": "EXTENSIÓN PIERNA Y CUELLO EN SILLA",
        "text1": "Ejercicio destinado a la liberación del recorrido del músculo ciático",
        "text2": "",
        "cues": "Respirar con normalidad;Importante la coordinación del movimiento;Tronco recto",
        "vimeo": "",
        "moves": "2",
        "skills": "3, 4",
        "targets": "10, 9, 14",
        "vid_align": "0.00",
        "vid_switch": "1",
        "maq": "0",
        "vid_md5": "",
        "vid_local": "1"
    },
    {
        "codigo": "57",
        "evo_cod": "57-Fondosinvertidos",
        "vit_id": "0",
        "vit_vid_id": "0",
        "lang": "es",
        "title": "Triceps Banco",
        "text1": "",
        "text2": "",
        "cues": "Cadera cerca al banco;Manos cerca al cuerpo;Exhala al subir",
        "vimeo": "",
        "moves": "1",
        "skills": "1, 4",
        "targets": "7",
        "vid_align": "0.00",
        "vid_switch": "-1",
        "maq": "0",
        "vid_md5": "",
        "vid_local": "-1"
    },
    {
        "codigo": "59",
        "evo_cod": "59-Estiramientopsoas",
        "vit_id": "0",
        "vit_vid_id": "0",
        "lang": "es",
        "title": "Estiramiento Psoas",
        "text1": "",
        "text2": "",
        "cues": "Empuja la cadera hacia adelante;Espalda relajada;Respira de manera fluida",
        "vimeo": "",
        "moves": "2",
        "skills": "3",
        "targets": "15",
        "vid_align": "0.00",
        "vid_switch": "1",
        "maq": "0",
        "vid_md5": "",
        "vid_local": "-1"
    },
    {
        "codigo": "61",
        "evo_cod": "61-Estiramientogluteo",
        "vit_id": "0",
        "vit_vid_id": "0",
        "lang": "es",
        "title": "Estiramiento Glúteo",
        "text1": "",
        "text2": "",
        "cues": "Espalda relajada;Realiza una presión controlada;Respira de manera fluida",
        "vimeo": "",
        "moves": "2",
        "skills": "3",
        "targets": "9",
        "vid_align": "0.00",
        "vid_switch": "1",
        "maq": "0",
        "vid_md5": "",
        "vid_local": "-1"
    },
    {
        "codigo": "63",
        "evo_cod": "63-Estiramientohombrodorsal",
        "vit_id": "0",
        "vit_vid_id": "0",
        "lang": "es",
        "title": "Estiramiento Hombro-Dorsal",
        "text1": "",
        "text2": "",
        "cues": "Espalda recta;Realiza una presión moderada;Respira de manera fluida",
        "vimeo": "",
        "moves": "4",
        "skills": "3, 4",
        "targets": "2",
        "vid_align": "0.00",
        "vid_switch": "1",
        "maq": "0",
        "vid_md5": "",
        "vid_local": "-1"
    },
    {
        "codigo": "68",
        "evo_cod": "V68",
        "vit_id": "0",
        "vit_vid_id": "0",
        "lang": "es",
        "title": "HOVER TO PLANK",
        "text1": "Combinacion de 2 ejercicios para activar tu core profundo",
        "text2": "",
        "cues": "Espalda fime;Activa los abdominales;Apoyo firme de manos y codos",
        "vimeo": "",
        "moves": "2, 1, 3",
        "skills": "1, 2",
        "targets": "1, 2",
        "vid_align": "0.00",
        "vid_switch": "1",
        "maq": "0",
        "vid_md5": "",
        "vid_local": "-1"
    },
    {
        "codigo": "71",
        "evo_cod": "V71",
        "vit_id": "0",
        "vit_vid_id": "0",
        "lang": "es",
        "title": "ISOMETRÍA EN PARED",
        "text1": "Estimula tus piernas con este gran ejercicio",
        "text2": "",
        "cues": "Core activado;Piernas paralelas;Espalda recta",
        "vimeo": "",
        "moves": "8, 2",
        "skills": "1",
        "targets": "8, 1",
        "vid_align": "0.00",
        "vid_switch": "-1",
        "maq": "0",
        "vid_md5": "",
        "vid_local": "1"
    },
    {
        "codigo": "74",
        "evo_cod": "V74",
        "vit_id": "0",
        "vit_vid_id": "0",
        "lang": "es",
        "title": "ESTIRAMIENTO ISQUIOTIBIALES",
        "text1": "Estiramiento de la musculatura isquiotibial",
        "text2": "",
        "cues": "Rodillas extendidas o levemente flexionadas;Espalda relajada;Respira de manera fluida",
        "vimeo": "",
        "moves": "4",
        "skills": "3, 4",
        "targets": "14",
        "vid_align": "0.00",
        "vid_switch": "1",
        "maq": "0",
        "vid_md5": "",
        "vid_local": "-1"
    },
    {
        "codigo": "77",
        "evo_cod": "V77",
        "vit_id": "0",
        "vit_vid_id": "0",
        "lang": "es",
        "title": "JUMPING JACKS",
        "text1": "Clásico ejercicio de fuerza y resistencia",
        "text2": "",
        "cues": "Maneja tu propio ritmo;Aumenta la velocidad progresivamente;Mantén firmes el abdomen y la espalda",
        "vimeo": "",
        "moves": "7",
        "skills": "8, 7",
        "targets": "8, 9, 14, 13, 2, 1",
        "vid_align": "0.00",
        "vid_switch": "-1",
        "maq": "0",
        "vid_md5": "",
        "vid_local": "-1"
    },
    {
        "codigo": "79",
        "evo_cod": "V79",
        "vit_id": "0",
        "vit_vid_id": "0",
        "lang": "es",
        "title": "FLEXIONES BRAZOS DE RODILLAS",
        "text1": "Variante de las clasicas flexiones",
        "text2": "",
        "cues": "Core activado;Tronco recto;Brazos cerca del cuerpo",
        "vimeo": "",
        "moves": "1",
        "skills": "1, 2",
        "targets": "6, 2, 7",
        "vid_align": "0.00",
        "vid_switch": "-1",
        "maq": "0",
        "vid_md5": "",
        "vid_local": "1"
    },
    {
        "codigo": "80",
        "evo_cod": "V80",
        "vit_id": "0",
        "vit_vid_id": "0",
        "lang": "es",
        "title": "Traveling push ups",
        "text1": "Combina el desplazamiento con el trabajo muscular intenso",
        "text2": "",
        "cues": "Apoya puntas de los pies y manos con control;Espalda firme;Respiración fluida",
        "vimeo": "",
        "moves": "1, 2, 7",
        "skills": "1, 2",
        "targets": "1, 6, 2, 7",
        "vid_align": "0.00",
        "vid_switch": "-1",
        "maq": "0",
        "vid_md5": "",
        "vid_local": "-1"
    },
    {
        "codigo": "81",
        "evo_cod": "V81",
        "vit_id": "0",
        "vit_vid_id": "0",
        "lang": "es",
        "title": "LATERAL JUMPS",
        "text1": "Ejercicio para el desarrollo de la potencia de tren inferior",
        "text2": "",
        "cues": " Apoyo firme flexionando la rodilla;Espalda alineada;Respiración fluida",
        "vimeo": "",
        "moves": "7",
        "skills": "8, 7, 6",
        "targets": "8, 9, 13, 14",
        "vid_align": "0.00",
        "vid_switch": "-1",
        "maq": "0",
        "vid_md5": "",
        "vid_local": "-1"
    },
    {
        "codigo": "83",
        "evo_cod": "V83",
        "vit_id": "0",
        "vit_vid_id": "0",
        "lang": "es",
        "title": "ESTIRAMIENTO LUMBAR",
        "text1": "Estiramiento de la musculatura lumbar",
        "text2": "",
        "cues": "Cuerpo relajado;Respirar con normalidad;Forzar ligeramente la flexión al espirar",
        "vimeo": "",
        "moves": "4",
        "skills": "3, 4",
        "targets": "10",
        "vid_align": "0.00",
        "vid_switch": "-1",
        "maq": "0",
        "vid_md5": "",
        "vid_local": "1"
    },
    {
        "codigo": "84",
        "evo_cod": "V84",
        "vit_id": "0",
        "vit_vid_id": "0",
        "lang": "es",
        "title": "ESTIRAMIENTO LUMBAR",
        "text1": "Estiramiento de la musculatura lumbar",
        "text2": "",
        "cues": "Espalda relajada;Realiza una presión controlada;Respira de manera fluida",
        "vimeo": "",
        "moves": "4",
        "skills": "3, 4",
        "targets": "10",
        "vid_align": "0.00",
        "vid_switch": "-1",
        "maq": "0",
        "vid_md5": "",
        "vid_local": "-1"
    },
    {
        "codigo": "87",
        "evo_cod": "V87",
        "vit_id": "0",
        "vit_vid_id": "0",
        "lang": "es",
        "title": "ESTIRAMIENTO MANOS ARRIBA",
        "text1": "Estiramiento genético que actúa sobre brazos y parte superior del tronco",
        "text2": "",
        "cues": "Brazos rectos;Respirar con normalidad;Extender todo el cuerpo",
        "vimeo": "",
        "moves": "4",
        "skills": "3, 4",
        "targets": "12, 16",
        "vid_align": "0.00",
        "vid_switch": "-1",
        "maq": "0",
        "vid_md5": "",
        "vid_local": "1"
    },
    {
        "codigo": "89",
        "evo_cod": "V89",
        "vit_id": "0",
        "vit_vid_id": "0",
        "lang": "es",
        "title": "MARCHA ADELANTE",
        "text1": "Uno de los patrones motores básicos del ser humano",
        "text2": "",
        "cues": "Cadera alta;Acción de brazos controlada",
        "vimeo": "",
        "moves": "7",
        "skills": "7",
        "targets": "8, 9, 14, 13",
        "vid_align": "0.00",
        "vid_switch": "-1",
        "maq": "0",
        "vid_md5": "",
        "vid_local": "1"
    },
    {
        "codigo": "90",
        "evo_cod": "V90",
        "vit_id": "0",
        "vit_vid_id": "0",
        "lang": "es",
        "title": "MOUNTAIN CLIMBER",
        "text1": "Simula que estás escalando y desarrolla tus abdominales",
        "text2": "",
        "cues": "Activa los abdominales;Brazos firmes y alineados con los hombros;Respira de manera fluida",
        "vimeo": "",
        "moves": "1, 6, 2",
        "skills": "1, 2, 7",
        "targets": "1, 3",
        "vid_align": "0.00",
        "vid_switch": "-1",
        "maq": "0",
        "vid_md5": "",
        "vid_local": "-1"
    },
    {
        "codigo": "91",
        "evo_cod": "V91",
        "vit_id": "0",
        "vit_vid_id": "0",
        "lang": "es",
        "title": "MOUNTAIN CLIMBER",
        "text1": "Simula que estás escalando y desarrolla tus abdominales",
        "text2": "",
        "cues": "Core activado;Movimiento de piernas recto;Respiración acompasada al movimiento",
        "vimeo": "",
        "moves": "6, 2, 5",
        "skills": "1, 2, 7",
        "targets": "1, 3",
        "vid_align": "0.00",
        "vid_switch": "-1",
        "maq": "0",
        "vid_md5": "",
        "vid_local": "1"
    },
    {
        "codigo": "92",
        "evo_cod": "V92",
        "vit_id": "0",
        "vit_vid_id": "0",
        "lang": "es",
        "title": "MOUNTAIN CLIMBER EN PARED",
        "text1": "Variante del Mountain Climber apropiada para iniciación",
        "text2": "",
        "cues": "Core activado;Movimiento de piernas recto.;Respiración acompasada al movimiento",
        "vimeo": "",
        "moves": "6, 2",
        "skills": "1, 2, 7",
        "targets": "1, 3",
        "vid_align": "0.00",
        "vid_switch": "-1",
        "maq": "0",
        "vid_md5": "",
        "vid_local": "1"
    },
    {
        "codigo": "95",
        "evo_cod": "V95",
        "vit_id": "0",
        "vit_vid_id": "0",
        "lang": "es",
        "title": "OBLICUOS RODILLA CRUZADA",
        "text1": "Ejercicio focalizado en tus músculos oblicuo interno y externo",
        "text2": "",
        "cues": "Rota la columna activando los abdominales;Espalda controlada;Exhala al subir",
        "vimeo": "",
        "moves": "2, 5, 3",
        "skills": "1",
        "targets": "1, 3",
        "vid_align": "0.00",
        "vid_switch": "1",
        "maq": "0",
        "vid_md5": "",
        "vid_local": "-1"
    },
    {
        "codigo": "96",
        "evo_cod": "V96",
        "vit_id": "0",
        "vit_vid_id": "0",
        "lang": "es",
        "title": "DELTOIDES CON BOTELLAS",
        "text1": "Ejercicio de carga baja para la fuerza y estabiidad de hombro y espalda",
        "text2": "",
        "cues": "Activar core;Tronco recto;Rodillas semiflexionadas",
        "vimeo": "",
        "moves": "6",
        "skills": "1",
        "targets": "11, 2 ",
        "vid_align": "0.00",
        "vid_switch": "-1",
        "maq": "0",
        "vid_md5": "",
        "vid_local": "1"
    },
    {
        "codigo": "103",
        "evo_cod": "V103",
        "vit_id": "0",
        "vit_vid_id": "0",
        "lang": "es",
        "title": "PLANK",
        "text1": "Un ejercicio básico para la activación del core profundo",
        "text2": "",
        "cues": "Activar core;Cuerpo alineado;Contreer los gluteos",
        "vimeo": "",
        "moves": "1, 2",
        "skills": "1, 2",
        "targets": "1 , 2",
        "vid_align": "0.00",
        "vid_switch": "-1",
        "maq": "0",
        "vid_md5": "",
        "vid_local": "1"
    },
    {
        "codigo": "104",
        "evo_cod": "V104",
        "vit_id": "0",
        "vit_vid_id": "0",
        "lang": "es",
        "title": "FRONT BRIDGE",
        "text1": "Ejercicio anti extensión que protege tu cadera y columna",
        "text2": "",
        "cues": "Activa abdominales y glúteos;Espalda alineada con la pelvis;Respira de manera fluida",
        "vimeo": "",
        "moves": "1, 2",
        "skills": "1, 2",
        "targets": "1, 2",
        "vid_align": "0.00",
        "vid_switch": "-1",
        "maq": "0",
        "vid_md5": "",
        "vid_local": "-1"
    },
    {
        "codigo": "105",
        "evo_cod": "V105",
        "vit_id": "0",
        "vit_vid_id": "0",
        "lang": "es",
        "title": "PLANK EN PARED",
        "text1": "Variante menos intensa del ejercicio plank",
        "text2": "",
        "cues": "Activar core;Cuerpo alineado;Contraer los gluteos",
        "vimeo": "",
        "moves": "1, 2",
        "skills": "1, 2",
        "targets": "1, 2",
        "vid_align": "0.00",
        "vid_switch": "-1",
        "maq": "0",
        "vid_md5": "",
        "vid_local": "1"
    },

    {
        "codigo": "121",
        "evo_cod": "V121",
        "vit_id": "0",
        "vit_vid_id": "0",
        "lang": "es",
        "title": "PUSH PRESS",
        "text1": "Variante del thruster, que busca una mayor velocidad de ejecición. Muy completo",
        "text2": "",
        "cues": "El movimiento parte de las piernas y luego se transfiere al tronco",
        "vimeo": "",
        "moves": "1, 4",
        "skills": "1",
        "targets": "2, 7, 1, 8",
        "vid_align": "0.00",
        "vid_switch": "-1",
        "maq": "0",
        "vid_md5": "",
        "vid_local": "1"
    },
    {
        "codigo": "123",
        "evo_cod": "V123",
        "vit_id": "0",
        "vit_vid_id": "0",
        "lang": "es",
        "title": "PUSH UP HOLD",
        "text1": "Incrementa la acción muscular respecto a las clásicas \"flexiones\"",
        "text2": "",
        "cues": "Brazos alineados con los hombros;Espalda firme;Exhala al subir",
        "vimeo": "",
        "moves": "2, 1",
        "skills": "1, 2",
        "targets": "6, 2, 7",
        "vid_align": "0.00",
        "vid_switch": "-1",
        "maq": "0",
        "vid_md5": "",
        "vid_local": "-1"
    },
    {
        "codigo": "134",
        "evo_cod": "V134",
        "vit_id": "0",
        "vit_vid_id": "0",
        "lang": "es",
        "title": "ABDOMINAL TIJERAS",
        "text1": "Uno de los clasicos para el desarrollo de la fuerza abdominal",
        "text2": "",
        "cues": "Respirar normalmente;No arquear la zona lumbar;Piernas relajadas",
        "vimeo": "",
        "moves": "6, 2",
        "skills": "1, 2",
        "targets": "1",
        "vid_align": "0.00",
        "vid_switch": "-1",
        "maq": "0",
        "vid_md5": "",
        "vid_local": "1"
    },
    {
        "codigo": "137",
        "evo_cod": "V137",
        "vit_id": "0",
        "vit_vid_id": "0",
        "lang": "es",
        "title": "SHOULDER BRIDGE",
        "text1": "Ejercicio anti flexión que protege tu cadera y columna",
        "text2": "",
        "cues": "Brazos cerca al cuerpo;Sube la pelvis activando glúteos;Exhala al subir la pelvis",
        "vimeo": "",
        "moves": "1, 2",
        "skills": "1, 2",
        "targets": "1, 14, 9",
        "vid_align": "0.00",
        "vid_switch": "-1",
        "maq": "0",
        "vid_md5": "",
        "vid_local": "-1"
    },
    {
        "codigo": "139",
        "evo_cod": "V139",
        "vit_id": "0",
        "vit_vid_id": "0",
        "lang": "es",
        "title": "SHOULDER BRIDGE UNA PIERNA",
        "text1": "Variante que estimula el equilibrio además de la musculatura anti flexión y anti rotación",
        "text2": "",
        "cues": "Brazos cerca al cuerpo;Sube la pelvis y la pierna activando glúteos;Exhala al subir la pelvis",
        "vimeo": "",
        "moves": "2",
        "skills": "1, 2",
        "targets": "1, 9, 10",
        "vid_align": "0.00",
        "vid_switch": "1",
        "maq": "0",
        "vid_md5": "",
        "vid_local": "-1"
    },
    {
        "codigo": "140",
        "evo_cod": "V140",
        "vit_id": "0",
        "vit_vid_id": "0",
        "lang": "es",
        "title": "SIDE EN PARED",
        "text1": "Variante menos intensa del ejercicio Side plank",
        "text2": "",
        "cues": "Activar el core;Mantener el tronco recto;Respirar con normalidad",
        "vimeo": "",
        "moves": "1, 3, 2",
        "skills": "1, 2",
        "targets": "1, 2",
        "vid_align": "0.00",
        "vid_switch": "1",
        "maq": "0",
        "vid_md5": "",
        "vid_local": "1"
    },
    {
        "codigo": "143",
        "evo_cod": "V143",
        "vit_id": "0",
        "vit_vid_id": "0",
        "lang": "es",
        "title": "SIDE RODILLAS",
        "text1": "Es una variante muy efectiva para entrenar la musculatura anti - flexión lateral",
        "text2": "",
        "cues": "Activar core;Caderas altas;Respiración controlada",
        "vimeo": "",
        "moves": "1, 3, 2",
        "skills": "1, 2",
        "targets": "1, 2",
        "vid_align": "0.00",
        "vid_switch": "1",
        "maq": "0",
        "vid_md5": "",
        "vid_local": "1"
    },
    {
        "codigo": "144",
        "evo_cod": "V144",
        "vit_id": "0",
        "vit_vid_id": "0",
        "lang": "es",
        "title": "Side Bridge Rodillas",
        "text1": "Ejercicio anti flexión lateral que protege tu cadera y columna",
        "text2": "",
        "cues": "Brazo de apoyo alineado con el hombro;Exhala al subir",
        "vimeo": "",
        "moves": "1, 3, 2",
        "skills": "1, 2",
        "targets": "1, 2",
        "vid_align": "0.00",
        "vid_switch": "1",
        "maq": "0",
        "vid_md5": "",
        "vid_local": "-1"
    },
    {
        "codigo": "145",
        "evo_cod": "V145",
        "vit_id": "0",
        "vit_vid_id": "0",
        "lang": "es",
        "title": "Side to side shuffle",
        "text1": "Un gran ejercicio para mejorar tu agilidad y potencia",
        "text2": "",
        "cues": "Evita el apoyo de talón;Realiza pasos cortos;Aumenta la velocidad progresivamente",
        "vimeo": "",
        "moves": "7",
        "skills": "5, 7, 6",
        "targets": "8, 9, 13, 3, 14",
        "vid_align": "0.00",
        "vid_switch": "1",
        "maq": "0",
        "vid_md5": "",
        "vid_local": "-1"
    },
    {
        "codigo": "150",
        "evo_cod": "V150",
        "vit_id": "0",
        "vit_vid_id": "0",
        "lang": "es",
        "title": "Skipping",
        "text1": "Activa tu musculatura de tren inferior y estimula tu resistencia y fuerza",
        "text2": "",
        "cues": "Evita el apoyo de talón;Mueve los brazos alternadamente;Espalda recta",
        "vimeo": "",
        "moves": "7",
        "skills": "5, 7, 6",
        "targets": "8, 9, 13, 3, 14",
        "vid_align": "0.00",
        "vid_switch": "-1",
        "maq": "0",
        "vid_md5": "",
        "vid_local": "-1"
    },
    {
        "codigo": "154",
        "evo_cod": "V154",
        "vit_id": "0",
        "vit_vid_id": "0",
        "lang": "es",
        "title": "Sprint lateral",
        "text1": "Mejora tu velocidad y agilidad con este ejercicio",
        "text2": "",
        "cues": "Realiza pasos cortos;Aumenta la velocidad progresivamente;Respiración fluida",
        "vimeo": "",
        "moves": "7",
        "skills": "5, 7, 6",
        "targets": "8, 9, 13, 3, 14",
        "vid_align": "0.00",
        "vid_switch": "1",
        "maq": "0",
        "vid_md5": "",
        "vid_local": "-1"
    },
    {
        "codigo": "155",
        "evo_cod": "V155",
        "vit_id": "0",
        "vit_vid_id": "0",
        "lang": "es",
        "title": "Sprint lateral tocando suelo",
        "text1": "Mejora tu velocidad y agilidad con este ejercicio",
        "text2": "",
        "cues": "Realiza pasos cortos;Aumenta la velocidad progresivamente;Frena y toca el piso",
        "vimeo": "",
        "moves": "7, 3, 9",
        "skills": "5, 7, 6,",
        "targets": "8, 9, 13, 3, 14",
        "vid_align": "0.00",
        "vid_switch": "1",
        "maq": "0",
        "vid_md5": "",
        "vid_local": "-1"
    },
    {
        "codigo": "159",
        "evo_cod": "V159",
        "vit_id": "0",
        "vit_vid_id": "0",
        "lang": "es",
        "title": "SANTADILA",
        "text1": "Algunos llaman \"El rey\" a este ejercicio. Fuerza para tus piernas y zona central",
        "text2": "",
        "cues": "Mantener las rodillas paralelas;Activar el core;Tronco recto",
        "vimeo": "",
        "moves": "8",
        "skills": "1, 2",
        "targets": "8, 9, 14, 1",
        "vid_align": "0.00",
        "vid_switch": "-1",
        "maq": "0",
        "vid_md5": "",
        "vid_local": "1"
    },
    {
        "codigo": "160",
        "evo_cod": "V160",
        "vit_id": "0",
        "vit_vid_id": "0",
        "lang": "es",
        "title": "SENTADILLA OJOS CERRADOS",
        "text1": "Ejercicio para mejorar tu equilibrio y propiocepción",
        "text2": "",
        "cues": "Mantener las rodillas paralelas;Activar el core;Tronco recto",
        "vimeo": "",
        "moves": "8, 2",
        "skills": "1, 2",
        "targets": "8, 9, 14,17",
        "vid_align": "0.00",
        "vid_switch": "-1",
        "maq": "0",
        "vid_md5": "",
        "vid_local": "1"
    },
    {
        "codigo": "161",
        "evo_cod": "V161",
        "vit_id": "0",
        "vit_vid_id": "0",
        "lang": "es",
        "title": "SQUAT JUMP",
        "text1": "Variante de sentadilla enfocado en desarrollo de la potencia",
        "text2": "",
        "cues": "Activa cuádriceps y glúteos;Mantén firme la espalda;Salta con fluidez",
        "vimeo": "",
        "moves": "8, 7",
        "skills": "1, 8, 7",
        "targets": "8, 9, 13, 14",
        "vid_align": "0.00",
        "vid_switch": "-1",
        "maq": "0",
        "vid_md5": "",
        "vid_local": "-1"
    },
    {
        "codigo": "163",
        "evo_cod": "V163",
        "vit_id": "0",
        "vit_vid_id": "0",
        "lang": "es",
        "title": "FLEXIÓN LATERAL OJOS CERRADOS",
        "text1": "Ejercicio para mejorar tu equilibrio y propiocepción",
        "text2": "",
        "cues": "Mantener las rodillas paralelas;Activar el core;Tronco recto",
        "vimeo": "",
        "moves": "8, 2",
        "skills": "1, 2",
        "targets": "8, 9, 14, 13, 1",
        "vid_align": "0.00",
        "vid_switch": "1",
        "maq": "0",
        "vid_md5": "",
        "vid_local": "1"
    },
    {
        "codigo": "164",
        "evo_cod": "V164",
        "vit_id": "0",
        "vit_vid_id": "0",
        "lang": "es",
        "title": "SENTADILLA SILLA",
        "text1": "Variante de menor intensidad del ejercicio Squat",
        "text2": "",
        "cues": "Mantener las rodillas paralelas;Activar el core;Tronco recto",
        "vimeo": "",
        "moves": "8, 5",
        "skills": "1",
        "targets": "8, 9, 14, 5, 1",
        "vid_align": "0.00",
        "vid_switch": "-1",
        "maq": "0",
        "vid_md5": "",
        "vid_local": "1"
    },
    {
        "codigo": "169",
        "evo_cod": "V169",
        "vit_id": "0",
        "vit_vid_id": "0",
        "lang": "es",
        "title": "Talones atrás",
        "text1": "Movimiento híbrido de coordinación y resistencia",
        "text2": "",
        "cues": "Evita el apoyo de talón;Mueve los brazos alternadamente;Flexión marcada de rodillas",
        "vimeo": "",
        "moves": "7",
        "skills": "5, 7",
        "targets": "14, 13",
        "vid_align": "0.00",
        "vid_switch": "-1",
        "maq": "0",
        "vid_md5": "",
        "vid_local": "-1"
    },
    {
        "codigo": "171",
        "evo_cod": "V171",
        "vit_id": "0",
        "vit_vid_id": "0",
        "lang": "es",
        "title": "THRUSTER",
        "text1": "Ejercicio que involucra la practica todalidad del cuerpo. Muy completo",
        "text2": "",
        "cues": "Mantener las rodillas paralelas;Activar el core;Tronco recto",
        "vimeo": "",
        "moves": "8, 1",
        "skills": "1, 2",
        "targets": "8, 9, 2, 7, 1",
        "vid_align": "0.00",
        "vid_switch": "-1",
        "maq": "0",
        "vid_md5": "",
        "vid_local": "1"
    },
    {
        "codigo": "173",
        "evo_cod": "173-Estiramientorotacioncadera",
        "vit_id": "0",
        "vit_vid_id": "0",
        "lang": "es",
        "title": "ESTIRAMIENTO ROTACION CADERA",
        "text1": "Estiramiento de rotadores y extensores de cadera",
        "text2": "",
        "cues": "Rotar la cadera y la espalda con control;Realiza una presión moderada;Respira de manera fluida",
        "vimeo": "",
        "moves": "4",
        "skills": "3, 4",
        "targets": "9, 10",
        "vid_align": "0.00",
        "vid_switch": "1",
        "maq": "0",
        "vid_md5": "",
        "vid_local": "-1"
    },
    {
        "codigo": "183",
        "evo_cod": "V183",
        "vit_id": "0",
        "vit_vid_id": "0",
        "lang": "es",
        "title": "WALKING LUNGE",
        "text1": "Ejercicio dinámico que activa la musculatura de piernas, sobre todo cuadriceps y gluteo",
        "text2": "",
        "cues": "Controla la rodilla al avanzar;Espalda firme;Respira de manera fluida. ",
        "vimeo": "",
        "moves": "7, 9",
        "skills": "1, 7",
        "targets": "8, 9 , 14",
        "vid_align": "0.00",
        "vid_switch": "-1",
        "maq": "0",
        "vid_md5": "",
        "vid_local": "-1"
    },
    {
        "codigo": "184",
        "evo_cod": "V184",
        "vit_id": "0",
        "vit_vid_id": "0",
        "lang": "es",
        "title": "FLEXIÓN BRAZOS EN PARED",
        "text1": "Ejercicio de iniciación para el estímulo de la musculatura de brazos y pecho",
        "text2": "",
        "cues": "Core activado;tronco recto;Brazos cerca del cuerpo",
        "vimeo": "",
        "moves": "1, 2",
        "skills": "1, 2",
        "targets": "6, 2, 7",
        "vid_align": "0.00",
        "vid_switch": "-1",
        "maq": "0",
        "vid_md5": "",
        "vid_local": "1"
    },
    {
        "codigo": "198",
        "evo_cod": "V198",
        "vit_id": "0",
        "vit_vid_id": "0",
        "lang": "es",
        "title": "ESTIRAMIENTO ISQUITIBIALES",
        "text1": "Estiramiento de la musculatura isquiotibial",
        "text2": "",
        "cues": "Tronco recto;cuello relajado;Se permite cierta flexión de piernas",
        "vimeo": "",
        "moves": "4",
        "skills": "3, 4",
        "targets": "14",
        "vid_align": "0.00",
        "vid_switch": "1",
        "maq": "0",
        "vid_md5": "",
        "vid_local": "1"
    },
    {
        "codigo": "204",
        "evo_cod": "204-Abduccioncadera",
        "vit_id": "0",
        "vit_vid_id": "0",
        "lang": "es",
        "title": "ABDUCTORES MÁQUINA",
        "text1": "",
        "text2": "",
        "cues": "Activa los abdominales;Abre y cierra las piernas controladamente;Exhala al abrir las piernas",
        "vimeo": "",
        "moves": "1",
        "skills": "1, 4",
        "targets": "4",
        "vid_align": "0.00",
        "vid_switch": "1",
        "maq": "0",
        "vid_md5": "",
        "vid_local": "-1"
    },
    {
        "codigo": "205",
        "evo_cod": "205-Adduccioncadera",
        "vit_id": "0",
        "vit_vid_id": "0",
        "lang": "es",
        "title": "ADDUCTORES MÁQUINA",
        "text1": "",
        "text2": "",
        "cues": "Activa los abdominales;Abre y cierra las piernas controladamente;Exhala al cerrar las piernas",
        "vimeo": "",
        "moves": "1",
        "skills": "1, 4",
        "targets": "1, 2",
        "vid_align": "0.00",
        "vid_switch": "1",
        "maq": "0",
        "vid_md5": "",
        "vid_local": "-1"
    },
    {
        "codigo": "206",
        "evo_cod": "206-Aperturas",
        "vit_id": "0",
        "vit_vid_id": "0",
        "lang": "es",
        "title": "APERTURAS PECHO MANCUERNAS",
        "text1": "",
        "text2": "",
        "cues": "Espalda firme;Codos semi flexionados;Exhala al cerrar los brazos",
        "vimeo": "",
        "moves": "1",
        "skills": "1, 4",
        "targets": "2, 6",
        "vid_align": "0.00",
        "vid_switch": "1",
        "maq": "0",
        "vid_md5": "",
        "vid_local": "-1"
    },
    {
        "codigo": "207",
        "evo_cod": "207-BatlingRope",
        "vit_id": "0",
        "vit_vid_id": "0",
        "lang": "es",
        "title": "BATTLING ROPE",
        "text1": "",
        "text2": "",
        "cues": "Rodillas y caderas flexionadas;Brazos en movimiento alterno;Respiración fluida",
        "vimeo": "",
        "moves": "2",
        "skills": "1, 7",
        "targets": "10, 16",
        "vid_align": "0.00",
        "vid_switch": "1",
        "maq": "0",
        "vid_md5": "",
        "vid_local": "-1"
    },
    {
        "codigo": "208",
        "evo_cod": "208-Cablebiceps",
        "vit_id": "0",
        "vit_vid_id": "0",
        "lang": "es",
        "title": "CABLE BICEPS",
        "text1": "",
        "text2": "",
        "cues": "Brazos cerca al cuerpo;Exhala al flexionar el codo",
        "vimeo": "",
        "moves": "1",
        "skills": "1",
        "targets": "12",
        "vid_align": "0.00",
        "vid_switch": "1",
        "maq": "0",
        "vid_md5": "",
        "vid_local": "-1"
    },
    {
        "codigo": "209",
        "evo_cod": "209-Cablelungeonearmpress",
        "vit_id": "0",
        "vit_vid_id": "0",
        "lang": "es",
        "title": "CABLE LUNGE + ONE ARM PRESS",
        "text1": "",
        "text2": "",
        "cues": "Activa los abdominales;Pie de atrás en punta;Controla la rodilla de adelante",
        "vimeo": "",
        "moves": "1",
        "skills": "1, 4",
        "targets": "1, 6",
        "vid_align": "0.00",
        "vid_switch": "1",
        "maq": "0",
        "vid_md5": "",
        "vid_local": "-1"
    },
    {
        "codigo": "210",
        "evo_cod": "210-Cablelungeonearmpull",
        "vit_id": "0",
        "vit_vid_id": "0",
        "lang": "es",
        "title": "CABLE LUNGE + ONE ARM PULL",
        "text1": "",
        "text2": "",
        "cues": "Activa los abdominales;Pie de atrás en punta;Controla la rodilla de adelante",
        "vimeo": "",
        "moves": "1",
        "skills": "1, 4",
        "targets": "16",
        "vid_align": "0.00",
        "vid_switch": "1",
        "maq": "0",
        "vid_md5": "",
        "vid_local": "-1"
    },
    {
        "codigo": "211",
        "evo_cod": "211-Calfraise",
        "vit_id": "0",
        "vit_vid_id": "0",
        "lang": "es",
        "title": "CALF RAISE",
        "text1": "",
        "text2": "",
        "cues": "Espalda alineada;Firmeza al elevar los talones;Exhala al subir",
        "vimeo": "",
        "moves": "1",
        "skills": "1, 4",
        "targets": "13, 17",
        "vid_align": "0.00",
        "vid_switch": "1",
        "maq": "0",
        "vid_md5": "",
        "vid_local": "-1"
    },
    {
        "codigo": "212",
        "evo_cod": "212-Carreraencinta",
        "vit_id": "0",
        "vit_vid_id": "0",
        "lang": "es",
        "title": "CARRERA EN CINTA",
        "text1": "",
        "text2": "",
        "cues": "Inicia caminando;Aumenta progresivamente la velocidad;Realiza un esfuerzo bajo a moderado",
        "vimeo": "",
        "moves": "7",
        "skills": "4, 7",
        "targets": "15",
        "vid_align": "0.00",
        "vid_switch": "1",
        "maq": "0",
        "vid_md5": "",
        "vid_local": "-1"
    },
    {
        "codigo": "213",
        "evo_cod": "213-Contractoramaquina",
        "vit_id": "0",
        "vit_vid_id": "0",
        "lang": "es",
        "title": "CHEST FLY MÁQUINA",
        "text1": "",
        "text2": "",
        "cues": "Espalda firme y apoyada;Codos semi flexionados;Exhala al cerrar los brazos",
        "vimeo": "",
        "moves": "1",
        "skills": "1, 4",
        "targets": "6",
        "vid_align": "0.00",
        "vid_switch": "1",
        "maq": "0",
        "vid_md5": "",
        "vid_local": "-1"
    },
    {
        "codigo": "214",
        "evo_cod": "214-Curlmartillo",
        "vit_id": "0",
        "vit_vid_id": "0",
        "lang": "es",
        "title": "CURL MARTILLO",
        "text1": "",
        "text2": "",
        "cues": "Brazos cerca al cuerpo;Flexiona los codos alternadamente;Exhala al flexionar el codo",
        "vimeo": "",
        "moves": "1",
        "skills": "1, 4",
        "targets": "12",
        "vid_align": "0.00",
        "vid_switch": "1",
        "maq": "0",
        "vid_md5": "",
        "vid_local": "-1"
    },
    {
        "codigo": "215",
        "evo_cod": "215-Curlfemoral",
        "vit_id": "0",
        "vit_vid_id": "0",
        "lang": "es",
        "title": "ISQUIOTIBIALES MÁQUINA",
        "text1": "",
        "text2": "",
        "cues": "Activa los abdominales;Evita rebotar el rodillo;Exhala al subir",
        "vimeo": "",
        "moves": "1",
        "skills": "1, 4",
        "targets": "14",
        "vid_align": "0.00",
        "vid_switch": "1",
        "maq": "0",
        "vid_md5": "",
        "vid_local": "-1"
    },
    {
        "codigo": "216",
        "evo_cod": "216-Eliptica",
        "vit_id": "0",
        "vit_vid_id": "0",
        "lang": "es",
        "title": "ELÍPTICA",
        "text1": "",
        "text2": "",
        "cues": "Realiza un esfuerzo bajo a moderado;Espalda firme;El talón se despega levemente",
        "vimeo": "",
        "moves": "7",
        "skills": "7",
        "targets": "15",
        "vid_align": "0.00",
        "vid_switch": "1",
        "maq": "0",
        "vid_md5": "",
        "vid_local": "-1"
    },
    {
        "codigo": "217",
        "evo_cod": "217-Extensioncadera",
        "vit_id": "0",
        "vit_vid_id": "0",
        "lang": "es",
        "title": "EXTENSIÓN CADERA",
        "text1": "",
        "text2": "",
        "cues": "Activa los glúteos y abdominales;Espalda alineada;Rodilla en movimiento extendida",
        "vimeo": "",
        "moves": "1",
        "skills": "1, 4",
        "targets": "9",
        "vid_align": "0.00",
        "vid_switch": "1",
        "maq": "0",
        "vid_md5": "",
        "vid_local": "-1"
    },
    {
        "codigo": "218",
        "evo_cod": "218-Fitballcrunch",
        "vit_id": "0",
        "vit_vid_id": "0",
        "lang": "es",
        "title": "FITBALL CRUNCH",
        "text1": "",
        "text2": "",
        "cues": "Exhala al subir;Activa los abdominales;Piernas separadas al ancho de los hombros",
        "vimeo": "",
        "moves": "1",
        "skills": "1, 4",
        "targets": "1",
        "vid_align": "0.00",
        "vid_switch": "-1",
        "maq": "0",
        "vid_md5": "",
        "vid_local": "-1"
    },
    {
        "codigo": "219",
        "evo_cod": "219-Fitballrollout",
        "vit_id": "0",
        "vit_vid_id": "0",
        "lang": "es",
        "title": "FITBALL ROLL OUT",
        "text1": "",
        "text2": "",
        "cues": "Activa los abdominales;Espalda firme;Brazos al ancho de los hombros",
        "vimeo": "",
        "moves": "1",
        "skills": "1, 4",
        "targets": "1",
        "vid_align": "0.00",
        "vid_switch": "1",
        "maq": "0",
        "vid_md5": "",
        "vid_local": "-1"
    },
    {
        "codigo": "220",
        "evo_cod": "220-Flexionpiernasuelo",
        "vit_id": "0",
        "vit_vid_id": "0",
        "lang": "es",
        "title": "LEG EXTENSION CRUNCH",
        "text1": "",
        "text2": "",
        "cues": "Brazos cerca al cuerpo;Activa los abdominales al subir piernas;Exhala al subir. ",
        "vimeo": "",
        "moves": "1",
        "skills": "1, 4",
        "targets": "1",
        "vid_align": "0.00",
        "vid_switch": "-1",
        "maq": "0",
        "vid_md5": "",
        "vid_local": "-1"
    },
    {
        "codigo": "221",
        "evo_cod": "221-Pajaros",
        "vit_id": "0",
        "vit_vid_id": "0",
        "lang": "es",
        "title": "DUMBBELL BIRDS",
        "text1": "",
        "text2": "",
        "cues": "Espalda inclinada y firme;Codos semiflexionados;Exhalar al subir",
        "vimeo": "",
        "moves": "1",
        "skills": "1, 4",
        "targets": "2",
        "vid_align": "0.00",
        "vid_switch": "1",
        "maq": "0",
        "vid_md5": "",
        "vid_local": "-1"
    },
    {
        "codigo": "222",
        "evo_cod": "222-Patadagluteo",
        "vit_id": "0",
        "vit_vid_id": "0",
        "lang": "es",
        "title": "GLUTE KICKBACK MACHINE",
        "text1": "",
        "text2": "",
        "cues": "Espalda firme;Extensión de la  rodilla de atrás;Activa los glúteos",
        "vimeo": "",
        "moves": "1",
        "skills": "1, 4",
        "targets": "9",
        "vid_align": "0.00",
        "vid_switch": "1",
        "maq": "0",
        "vid_md5": "",
        "vid_local": "-1"
    },
    {
        "codigo": "223",
        "evo_cod": "223-Pesomuerto",
        "vit_id": "0",
        "vit_vid_id": "0",
        "lang": "es",
        "title": "PESO MUERTO",
        "text1": "",
        "text2": "",
        "cues": "Activa glúteos;Agarre de las manos por fuera de las rodillas;Exhala al subir. ",
        "vimeo": "",
        "moves": "1",
        "skills": "1, 4",
        "targets": "10",
        "vid_align": "0.00",
        "vid_switch": "1",
        "maq": "0",
        "vid_md5": "",
        "vid_local": "-1"
    },
    {
        "codigo": "224",
        "evo_cod": "224-Extensionderodilla",
        "vit_id": "0",
        "vit_vid_id": "0",
        "lang": "es",
        "title": "EXTENSIÓN DE CUADRICEPS MÁQUINA",
        "text1": "",
        "text2": "",
        "cues": "Espalda firme y apoyada;Activa los cuádriceps;Exhala al subir. ",
        "vimeo": "",
        "moves": "1",
        "skills": "1, 4",
        "targets": "8",
        "vid_align": "0.00",
        "vid_switch": "1",
        "maq": "0",
        "vid_md5": "",
        "vid_local": "-1"
    },
    {
        "codigo": "225",
        "evo_cod": "225-Powerpivotsquat",
        "vit_id": "0",
        "vit_vid_id": "0",
        "lang": "es",
        "title": "POWER PIVOT SQUAT",
        "text1": "",
        "text2": "",
        "cues": "Activa cuádriceps y glúteos;Mantén firme la espalda;Sube elevando los talones",
        "vimeo": "",
        "moves": "1",
        "skills": "1, 4",
        "targets": "8",
        "vid_align": "0.00",
        "vid_switch": "1",
        "maq": "0",
        "vid_md5": "",
        "vid_local": "-1"
    },
    {
        "codigo": "226",
        "evo_cod": "226-Prensapiernas",
        "vit_id": "0",
        "vit_vid_id": "0",
        "lang": "es",
        "title": "PRENSA PIERNAS MÁQUINA",
        "text1": "",
        "text2": "",
        "cues": "Espalda firme;Mantener las rodillas alineadas;Exhalar al subir",
        "vimeo": "",
        "moves": "1",
        "skills": "1, 4",
        "targets": "8",
        "vid_align": "0.00",
        "vid_switch": "1",
        "maq": "0",
        "vid_md5": "",
        "vid_local": "-1"
    },
    {
        "codigo": "227",
        "evo_cod": "227-Pressinclinadomancuerna",
        "vit_id": "0",
        "vit_vid_id": "0",
        "lang": "es",
        "title": "PRESS MANCUERNAS INCLINADO",
        "text1": "",
        "text2": "",
        "cues": "Brazos alineados con los hombros;Exhala al subir;Activa los abdominales",
        "vimeo": "",
        "moves": "1",
        "skills": "1, 4",
        "targets": "6",
        "vid_align": "0.00",
        "vid_switch": "1",
        "maq": "0",
        "vid_md5": "",
        "vid_local": "-1"
    },
    {
        "codigo": "228",
        "evo_cod": "228-Pressmaquina",
        "vit_id": "0",
        "vit_vid_id": "0",
        "lang": "es",
        "title": "PRESS PECTORAL MÁQUINA",
        "text1": "",
        "text2": "",
        "cues": "Espalda firme;Brazos separados del cuerpo;Exhala al extender los codos",
        "vimeo": "",
        "moves": "1",
        "skills": "1, 4",
        "targets": "6",
        "vid_align": "0.00",
        "vid_switch": "1",
        "maq": "0",
        "vid_md5": "",
        "vid_local": "-1"
    },
    {
        "codigo": "229",
        "evo_cod": "229-Pressmilitarmaquina",
        "vit_id": "0",
        "vit_vid_id": "0",
        "lang": "es",
        "title": "PRESS HOMBROS MÁQUINA",
        "text1": "",
        "text2": "",
        "cues": "Espalda firme y apoyada;Exhala al subir;Codos alineados con las muñecas",
        "vimeo": "",
        "moves": "1",
        "skills": "1, 4",
        "targets": "2",
        "vid_align": "0.00",
        "vid_switch": "1",
        "maq": "0",
        "vid_md5": "",
        "vid_local": "-1"
    },
    {
        "codigo": "230",
        "evo_cod": "230-Pressplanomancuerna",
        "vit_id": "0",
        "vit_vid_id": "0",
        "lang": "es",
        "title": "PRESS MANCUERNAS",
        "text1": "",
        "text2": "",
        "cues": "Espalda firme;Movimiento vertical de los brazos;Exhala al subir",
        "vimeo": "",
        "moves": "1",
        "skills": "1, 4",
        "targets": "6",
        "vid_align": "0.00",
        "vid_switch": "1",
        "maq": "0",
        "vid_md5": "",
        "vid_local": "-1"
    },
    {
        "codigo": "231",
        "evo_cod": "231-Pullover",
        "vit_id": "0",
        "vit_vid_id": "0",
        "lang": "es",
        "title": "PULL OVER",
        "text1": "",
        "text2": "",
        "cues": "Espalda firme y apoyada;Codos semi flexionados;Exhala al subir",
        "vimeo": "",
        "moves": "1",
        "skills": "1, 4",
        "targets": "6",
        "vid_align": "0.00",
        "vid_switch": "1",
        "maq": "0",
        "vid_md5": "",
        "vid_local": "-1"
    },
    {
        "codigo": "232",
        "evo_cod": "232-Recumbent",
        "vit_id": "0",
        "vit_vid_id": "0",
        "lang": "es",
        "title": "RECUMBENT BIKE",
        "text1": "",
        "text2": "",
        "cues": "Espalda firme;Rodillas semi flexionadas;Resistencia moderada",
        "vimeo": "",
        "moves": "7",
        "skills": "7",
        "targets": "8",
        "vid_align": "0.00",
        "vid_switch": "1",
        "maq": "0",
        "vid_md5": "",
        "vid_local": "-1"
    },
    {
        "codigo": "233",
        "evo_cod": "233-Remoalpechomaquina",
        "vit_id": "0",
        "vit_vid_id": "0",
        "lang": "es",
        "title": "REMO AL PECHO MÁQUINA",
        "text1": "",
        "text2": "",
        "cues": "Espalda recta;Activa la parte alta de la espalda;Hombros atrás al flexionar los codos",
        "vimeo": "",
        "moves": "1",
        "skills": "1, 4",
        "targets": "6",
        "vid_align": "0.00",
        "vid_switch": "1",
        "maq": "0",
        "vid_md5": "",
        "vid_local": "-1"
    },
    {
        "codigo": "234",
        "evo_cod": "234-Remoderodillaunamano",
        "vit_id": "0",
        "vit_vid_id": "0",
        "lang": "es",
        "title": "REMO RODILLAS UNA MANO",
        "text1": "",
        "text2": "",
        "cues": "Brazos alineados con los hombros;Muñecas firmes;Espalda alineada",
        "vimeo": "",
        "moves": "1",
        "skills": "1, 4",
        "targets": "16",
        "vid_align": "0.00",
        "vid_switch": "1",
        "maq": "0",
        "vid_md5": "",
        "vid_local": "-1"
    },
    {
        "codigo": "235",
        "evo_cod": "235-Subidasabanco",
        "vit_id": "0",
        "vit_vid_id": "0",
        "lang": "es",
        "title": "SUBIDAS A BANCO",
        "text1": "",
        "text2": "",
        "cues": "Apoya y despega el pie al subir;Eleva la rodilla contraria;Espalda alineada",
        "vimeo": "",
        "moves": "7",
        "skills": "7",
        "targets": "8",
        "vid_align": "0.00",
        "vid_switch": "1",
        "maq": "0",
        "vid_md5": "",
        "vid_local": "-1"
    },
    {
        "codigo": "236",
        "evo_cod": "236-Tricepsmaquina",
        "vit_id": "0",
        "vit_vid_id": "0",
        "lang": "es",
        "title": "TRICEPS MÁQUINA",
        "text1": "",
        "text2": "",
        "cues": "Brazos cerca al cuerpo;Hombros abajo al empujar;Exhalar al empujar",
        "vimeo": "",
        "moves": "1",
        "skills": "1, 4",
        "targets": "7",
        "vid_align": "0.00",
        "vid_switch": "1",
        "maq": "0",
        "vid_md5": "",
        "vid_local": "-1"
    },
    {
        "codigo": "237",
        "evo_cod": "237-Trxlateralrollin",
        "vit_id": "0",
        "vit_vid_id": "0",
        "lang": "es",
        "title": "TRX LATERAL ROLL IN",
        "text1": "",
        "text2": "",
        "cues": "Brazos alineados con los hombros;Eleva la pelvis activando los abdominales;Exhala al subir",
        "vimeo": "",
        "moves": "1",
        "skills": "1, 4",
        "targets": "1",
        "vid_align": "0.00",
        "vid_switch": "1",
        "maq": "0",
        "vid_md5": "",
        "vid_local": "-1"
    },
    {
        "codigo": "238",
        "evo_cod": "238-Trxlunge",
        "vit_id": "0",
        "vit_vid_id": "0",
        "lang": "es",
        "title": "TRX LUNGE",
        "text1": "",
        "text2": "",
        "cues": "Controla la rodilla de adelante;Espalda firme;Respira de manera fluida. ",
        "vimeo": "",
        "moves": "9",
        "skills": "1, 6",
        "targets": "15",
        "vid_align": "0.00",
        "vid_switch": "1",
        "maq": "0",
        "vid_md5": "",
        "vid_local": "-1"
    },
    {
        "codigo": "239",
        "evo_cod": "239-Trxmountainclimber",
        "vit_id": "0",
        "vit_vid_id": "0",
        "lang": "es",
        "title": "TRX MOUNTAIN CLIMBER",
        "text1": "",
        "text2": "",
        "cues": "Brazos alineados con los hombros;Espalda firme activando los abdominales;Respiración fluida",
        "vimeo": "",
        "moves": "2",
        "skills": "1, 2",
        "targets": "1, 15",
        "vid_align": "0.00",
        "vid_switch": "1",
        "maq": "0",
        "vid_md5": "",
        "vid_local": "-1"
    },
    {
        "codigo": "241",
        "evo_cod": "241-Trxsquat",
        "vit_id": "0",
        "vit_vid_id": "0",
        "lang": "es",
        "title": "TRX SQUAT",
        "text1": "",
        "text2": "",
        "cues": "Activa cuádriceps y glúteos;Mantén firme la espalda;Tensiona el arnés",
        "vimeo": "",
        "moves": "1",
        "skills": "1, 4",
        "targets": "8",
        "vid_align": "0.00",
        "vid_switch": "1",
        "maq": "0",
        "vid_md5": "",
        "vid_local": "-1"
    },
    {
        "codigo": "242",
        "evo_cod": "242-Tijerasmancuerna",
        "vit_id": "0",
        "vit_vid_id": "0",
        "lang": "es",
        "title": "LUNGE MANCUERNAS",
        "text1": "",
        "text2": "",
        "cues": "Controla la rodilla al avanzar;Espalda firme;Respira de manera fluida",
        "vimeo": "",
        "moves": "9",
        "skills": "1, 4",
        "targets": "15",
        "vid_align": "0.00",
        "vid_switch": "1",
        "maq": "0",
        "vid_md5": "",
        "vid_local": "-1"
    },
    {
        "codigo": "243",
        "evo_cod": "243-Pliometriahorizontaldospiernas",
        "vit_id": "0",
        "vit_vid_id": "0",
        "lang": "es",
        "title": "PLIOMETRÍA HORIZONTAL DOS PIERNAS",
        "text1": "",
        "text2": "",
        "cues": "Avanza con control de rodillas;Espalda alineada;Respiración fluida",
        "vimeo": "",
        "moves": "7",
        "skills": "1, 6",
        "targets": "15",
        "vid_align": "0.00",
        "vid_switch": "1",
        "maq": "0",
        "vid_md5": "",
        "vid_local": "-1"
    },
    {
        "codigo": "244",
        "evo_cod": "244-Smithmachinesquat",
        "vit_id": "0",
        "vit_vid_id": "0",
        "lang": "es",
        "title": "SMITH MACHINE SQUAT",
        "text1": "",
        "text2": "",
        "cues": "Activa cuádriceps y glúteos;Mantén firme la espalda;Exhala al subir",
        "vimeo": "",
        "moves": "1",
        "skills": "1, 4",
        "targets": "8",
        "vid_align": "0.00",
        "vid_switch": "1",
        "maq": "0",
        "vid_md5": "",
        "vid_local": "-1"
    },
    {
        "codigo": "245",
        "evo_cod": "245-Trxskaterjump",
        "vit_id": "0",
        "vit_vid_id": "0",
        "lang": "es",
        "title": "TRX SKATER JUMP",
        "text1": "",
        "text2": "",
        "cues": "Tensiona el arnés;Apoyo firme flexionando la rodilla;Espalda alineada",
        "vimeo": "",
        "moves": "1",
        "skills": "1, 4",
        "targets": "8",
        "vid_align": "0.00",
        "vid_switch": "1",
        "maq": "0",
        "vid_md5": "",
        "vid_local": "-1"
    },
    {
        "codigo": "246",
        "evo_cod": "246-Squat1pierna",
        "vit_id": "0",
        "vit_vid_id": "0",
        "lang": "es",
        "title": "SQUAT UNA PIERNA",
        "text1": "",
        "text2": "",
        "cues": "Activa cuádriceps y glúteos de la pierna apoyada;Mantén firme la espalda;Exhala al subir",
        "vimeo": "",
        "moves": "1",
        "skills": "1, 4",
        "targets": "8",
        "vid_align": "0.00",
        "vid_switch": "1",
        "maq": "0",
        "vid_md5": "",
        "vid_local": "-1"
    },
    {
        "codigo": "247",
        "evo_cod": "247-sentadillapiernasabiertas",
        "vit_id": "0",
        "vit_vid_id": "0",
        "lang": "es",
        "title": "SUMO SQUAT",
        "text1": "Uno de los reyes del entrenamiento. Piernas y core activados al máximo",
        "text2": "",
        "cues": "Activa cuádriceps y glúteos;Mantén firme la espalda;Piernas muy separadas",
        "vimeo": "",
        "moves": "8",
        "skills": "1, 8",
        "targets": "8, 9, 14, 1",
        "vid_align": "0.00",
        "vid_switch": "-1",
        "maq": "0",
        "vid_md5": "",
        "vid_local": "-1"
    },
    {
        "codigo": "248",
        "evo_cod": "248-sentadillaconpeso",
        "vit_id": "0",
        "vit_vid_id": "0",
        "lang": "es",
        "title": "SQUAT CON BARRA",
        "text1": "Uno de los reyes del entrenamiento. Piernas y core activados al máximo",
        "text2": "",
        "cues": "Activa cuádriceps y glúteos;Mantén firme la espalda;Exhala al subir",
        "vimeo": "",
        "moves": "8",
        "skills": "1, 8",
        "targets": "8, 9, 14, 1",
        "vid_align": "0.00",
        "vid_switch": "-1",
        "maq": "0",
        "vid_md5": "",
        "vid_local": "-1"
    },
    {
        "codigo": "249",
        "evo_cod": "249-Remoalpechoagarreinverso",
        "vit_id": "0",
        "vit_vid_id": "0",
        "lang": "es",
        "title": "REMO AL PECHO AGARRE INVERSO",
        "text1": "",
        "text2": "",
        "cues": "Espalda inclinada y firme;Brazos cerca al cuerpo;Exhalar al subir",
        "vimeo": "",
        "moves": "1",
        "skills": "1, 4",
        "targets": "6",
        "vid_align": "0.00",
        "vid_switch": "1",
        "maq": "0",
        "vid_md5": "",
        "vid_local": "-1"
    },
    {
        "codigo": "250",
        "evo_cod": "250-CurlMancuernas",
        "vit_id": "0",
        "vit_vid_id": "0",
        "lang": "es",
        "title": "CURL BICEPS MANCUERNAS",
        "text1": "",
        "text2": "",
        "cues": "Brazos cerca al cuerpo;Flexiona los codos alternadamente;Exhala al flexionar el codo",
        "vimeo": "",
        "moves": "1",
        "skills": "1, 4",
        "targets": "12",
        "vid_align": "0.00",
        "vid_switch": "1",
        "maq": "0",
        "vid_md5": "",
        "vid_local": "-1"
    },
    {
        "codigo": "251",
        "evo_cod": "251-Remotumbadomancuernas",
        "vit_id": "0",
        "vit_vid_id": "0",
        "lang": "es",
        "title": "PLANK REMO MANCUERNAS",
        "text1": "",
        "text2": "",
        "cues": "Brazos alineados con los hombros;Muñecas firmes;Espalda alineada",
        "vimeo": "",
        "moves": "1",
        "skills": "1, 4",
        "targets": "16",
        "vid_align": "0.00",
        "vid_switch": "1",
        "maq": "0",
        "vid_md5": "",
        "vid_local": "-1"
    },
    {
        "codigo": "252",
        "evo_cod": "252-Remounamano",
        "vit_id": "0",
        "vit_vid_id": "0",
        "lang": "es",
        "title": "REMO POLEA 1 MANO",
        "text1": "",
        "text2": "",
        "cues": "Rodillas y caderas semi flexionadas;Espalda levemente inclinada;Exhala al traccionar",
        "vimeo": "",
        "moves": "1",
        "skills": "1, 4",
        "targets": "16",
        "vid_align": "0.00",
        "vid_switch": "1",
        "maq": "0",
        "vid_md5": "",
        "vid_local": "-1"
    },
    {
        "codigo": "253",
        "evo_cod": "253-PressFrances",
        "vit_id": "0",
        "vit_vid_id": "0",
        "lang": "es",
        "title": "PRESS FRANCÉS",
        "text1": "",
        "text2": "",
        "cues": "Espalda firme y apoyada;Codos alineados con los hombros;Exhala al subir",
        "vimeo": "",
        "moves": "1",
        "skills": "1, 4",
        "targets": "7",
        "vid_align": "0.00",
        "vid_switch": "1",
        "maq": "0",
        "vid_md5": "",
        "vid_local": "-1"
    },
    {
        "codigo": "254",
        "evo_cod": "254-Trxrollin",
        "vit_id": "0",
        "vit_vid_id": "0",
        "lang": "es",
        "title": "TRX ROLL IN",
        "text1": "",
        "text2": "",
        "cues": "Brazos alineados con los hombros;Eleva la pelvis activando los abdominales;Exhala al subir",
        "vimeo": "",
        "moves": "1",
        "skills": "1, 4",
        "targets": "1",
        "vid_align": "0.00",
        "vid_switch": "1",
        "maq": "0",
        "vid_md5": "",
        "vid_local": "-1"
    },
    {
        "codigo": "999",
        "evo_cod": "V999",
        "vit_id": "0",
        "vit_vid_id": "0",
        "lang": "es",
        "title": "ESTIRAMIENTO GEMELOS",
        "text1": "Estiramiento de gemelo",
        "text2": "",
        "cues": "Talón pegado al suelo;Cadera adelantada pierna recta",
        "vimeo": "",
        "moves": "4",
        "skills": "3, 4",
        "targets": "13",
        "vid_align": "0.00",
        "vid_switch": "1",
        "maq": "0",
        "vid_md5": "",
        "vid_local": "1"
    }
]