[
    {
        "codigo": "1",
        "lang": "eu",
        "title": "Core"
    },
    {
        "codigo": "2",
        "lang": "eu",
        "title": "Sorbalda"
    },
    {
        "codigo": "3",
        "lang": "eu",
        "title": "Gerriko flexoreak"
    },
    {
        "codigo": "4",
        "lang": "eu",
        "title": "Adduktoreak"
    },
    {
        "codigo": "5",
        "lang": "eu",
        "title": "Adduktoreak"
    },
    {
        "codigo": "6",
        "lang": "eu",
        "title": "Bularra"
    },
    {
        "codigo": "7",
        "lang": "eu",
        "title": "Trizeps"
    },
    {
        "codigo": "8",
        "lang": "eu",
        "title": "Kuadrizeps"
    },
    {
        "codigo": "9",
        "lang": "eu",
        "title": "Gluteoa"
    },
    {
        "codigo": "10",
        "lang": "eu",
        "title": "Beheko Bizkarra"
    },
    {
        "codigo": "11",
        "lang": "eu",
        "title": "Bizkarra"
    },
    {
        "codigo": "12",
        "lang": "eu",
        "title": "Bizeps"
    },
    {
        "codigo": "13",
        "lang": "eu",
        "title": "Bikia / soleoa"
    },
    {
        "codigo": "14",
        "lang": "eu",
        "title": "Iskiotibialak"
    },
    {
        "codigo": "15",
        "lang": "eu",
        "title": "Gerriko flexoreak"
    },
    {
        "codigo": "16",
        "lang": "eu",
        "title": "Dortsala"
    },
    {
        "codigo": "17",
        "lang": "eu",
        "title": "Soleoa"
    }
]