﻿[
    {
        "codigo": "30",
        "level": "0",
        "lang": "eu",
        "title": "Aktibatu eta prestatu zure gorputza",
        "desc": "Eragin eta igo gorputzeko tenperatura",
        "time_total": "7",
        "time_run": 0,
        "time_rest": 0,
        "cycles": 0,
        "equips": "",
        "exers": "90,150,77,5,161,145"
    },
    {
        "codigo": "31",
        "level": "0",
        "lang": "eu",
        "title": "Mugikortasuna eta malgutasuna",
        "desc": "Muskuluak lasaitu eta giltzaduren mugikortasuna hobetzen du",
        "time_total": "8",
        "time_run": 0,
        "time_rest": 0,
        "cycles": 0,
        "equips": "",
        "exers": "11,61,84,173,36,63,59,74"
    },
    {
        "codigo": "32",
        "level": "1",
        "lang": "eu",
        "title": "Entrenamendu funtzionala",
        "desc": "Aldi berean hainbat muskulu lantzen dituzten mugimenduekin entrenatu",
        "time_total": "11",
        "time_run": 0,
        "time_rest": 0,
        "cycles": 0,
        "equips": "",
        "exers": "77,104,137,5,145,81,183"
    },
    {
        "codigo": "33",
        "level": "1",
        "lang": "eu",
        "title": "Definitu goiko aldea",
        "desc": "Indarra irabazi beso indartsuagoak eta definituagoak izateko",
        "time_total": "9",
        "time_run": 0,
        "time_rest": 0,
        "cycles": 0,
        "equips": "",
        "exers": "150,68,57,6,123,90"
    },
    {
        "codigo": "34",
        "level": "1",
        "lang": "eu",
        "title": "Definitu zure beheko aldea",
        "desc": "Handitu hanketako giharren indarra",
        "time_total": "11",
        "time_run": 0,
        "time_rest": 0,
        "cycles": 0,
        "equips": "",
        "exers": "77,247,161,183,150,5,81"
    },
    {
        "codigo": "35",
        "level": "1",
        "lang": "eu",
        "title": "Abdominal indartsuak",
        "desc": "Abdomeneko gihar indartsuak eta egonkorrak izateko ariketak",
        "time_total": "10",
        "time_run": 0,
        "time_rest": 0,
        "cycles": 0,
        "equips": "",
        "exers": "90,137,8,25,104,33"
    },
    {
        "codigo": "36",
        "level": "1",
        "lang": "eu",
        "title": "Ipurmasailak eta zango irmoak",
        "desc": "Zehazkiago trebatzen ditu ipurmasailak eta hankak",
        "time_total": "12",
        "time_run": 0,
        "time_rest": 0,
        "cycles": 0,
        "equips": "",
        "exers": "169,81,44,247,183,154"
    },
    {
        "codigo": "37",
        "level": "1",
        "lang": "eu",
        "title": "Neurriak murrizten ditu",
        "desc": "Gantz galera areagotzen du, muskuluen aktibazio eta erresistentzia gehiagorekin",
        "time_total": "14",
        "time_run": 0,
        "time_rest": 0,
        "cycles": 0,
        "equips": "",
        "exers": "169,90,235,77,150,247"
    },
    {
        "codigo": "38",
        "level": "1",
        "lang": "eu",
        "title": "Kardio totala",
        "desc": "Hobetu zure erresistentzia kardiobaskularra eta biriketakoa",
        "time_total": "21",
        "time_run": 0,
        "time_rest": 0,
        "cycles": 0,
        "equips": "",
        "exers": "169,81,145,150,77"
    },
    {
        "codigo": "39",
        "level": "2",
        "lang": "eu",
        "title": "Erabateko funtzionala",
        "desc": "Entrenamendu dinamikoa, giharretako talde handiak indartzen dituena",
        "time_total": "10",
        "time_run": 0,
        "time_rest": 0,
        "cycles": 0,
        "equips": "",
        "exers": "77,161,247,123,150,90,155"
    },
    {
        "codigo": "40",
        "level": "2",
        "lang": "eu",
        "title": "Indartu goiko aldea",
        "desc": "Beso indartsuagoak izateko ariketak",
        "time_total": "16",
        "time_run": 0,
        "time_rest": 0,
        "cycles": 0,
        "equips": "",
        "exers": "90,123,8,80,68,144,57,220"
    },
    {
        "codigo": "41",
        "level": "2",
        "lang": "eu",
        "title": "Indartu beheko aldea",
        "desc": "Hanka sendoagoak edukitzeko ariketak",
        "time_total": "15",
        "time_run": 0,
        "time_rest": 0,
        "cycles": 0,
        "equips": "",
        "exers": "77,5,247,246,183,81,150,161"
    },
    {
        "codigo": "42",
        "level": "2",
        "lang": "eu",
        "title": "Abdominal osoa",
        "desc": "Indarra gehitzeko eta abdomeneko muskuluak definitzeko entrenamendua",
        "time_total": "12",
        "time_run": 0,
        "time_rest": 0,
        "cycles": 0,
        "equips": "",
        "exers": "90,104,68,139,95,33,220"
    },
    {
        "codigo": "43",
        "level": "2",
        "lang": "eu",
        "title": "Ipur-masailak eta hanka sendoak",
        "desc": "Entrenamendu espezifikoa, ipurmasailen eta hanken indarrari aurre egiteko",
        "time_total": "17",
        "time_run": 0,
        "time_rest": 0,
        "cycles": 0,
        "equips": "",
        "exers": "169,5,139,183,246,247,81,161"
    },
    {
        "codigo": "44",
        "level": "2",
        "lang": "eu",
        "title": "Neurriak murrizten ditu",
        "desc": "Bizkortu zure metabolismoa eta handitu kaloria gastua",
        "time_total": "17",
        "time_run": 0,
        "time_rest": 0,
        "cycles": 0,
        "equips": "",
        "exers": "150,27,5,145,90,220,150"
    },
    {
        "codigo": "45",
        "level": "2",
        "lang": "eu",
        "title": "Kardio totala",
        "desc": "Eraman bihotza beste maila batera, eta areagotu erresistentzia kardiobaskularra eta biriketakoa",
        "time_total": "20",
        "time_run": 0,
        "time_rest": 0,
        "cycles": 0,
        "equips": "",
        "exers": "169,77,27,155,161,44,150"
    },
    {
        "codigo": "46",
        "level": "3",
        "lang": "eu",
        "title": "Potentzia funtzionala",
        "desc": "Indarra eta erresistentzia eskatzen duten mugimendu zabalekin jarri frogan zure gorputza",
        "time_total": "16",
        "time_run": 0,
        "time_rest": 0,
        "cycles": 0,
        "equips": "",
        "exers": "150,90,161,155,80,44,80,27"
    },
    {
        "codigo": "47",
        "level": "3",
        "lang": "eu",
        "title": "Entrenatu goiko aldea",
        "desc": "Besoetan muskulu-masa irabazi eta  indartzeko ariketak",
        "time_total": "18",
        "time_run": 0,
        "time_rest": 0,
        "cycles": 0,
        "equips": "",
        "exers": "90,123,8,57,220,68,80,95,33"
    },
    {
        "codigo": "48",
        "level": "3",
        "lang": "eu",
        "title": "Entrenatu beheko aldea",
        "desc": "Hanketan muskulu-masa irabazi eta indartzeko ariketak",
        "time_total": "17",
        "time_run": 0,
        "time_rest": 0,
        "cycles": 0,
        "equips": "",
        "exers": "77,183,81,247,246,44,161"
    },
    {
        "codigo": "49",
        "level": "3",
        "lang": "eu",
        "title": "Super corea",
        "desc": "Abdomen indartsu eta markatua izateko entrenamendua",
        "time_total": "19",
        "time_run": 0,
        "time_rest": 0,
        "cycles": 0,
        "equips": "",
        "exers": "77,33,90,68,220,95,139,123,8"
    },
    {
        "codigo": "50",
        "level": "3",
        "lang": "eu",
        "title": "Super ipurmasailak eta hankak",
        "desc": "Entrenatu indar guztiarekin ipurmasailetako eta hanketako muskulu-masa handitzeko",
        "time_total": "16",
        "time_run": 0,
        "time_rest": 0,
        "cycles": 0,
        "equips": "",
        "exers": "169,246,44,247,161,81,77"
    },
    {
        "codigo": "51",
        "level": "3",
        "lang": "eu",
        "title": "Potentzi osoa",
        "desc": "Gorputzeko gihar nagusien boterea indartu eta areagotu",
        "time_total": "20",
        "time_run": 0,
        "time_rest": 0,
        "cycles": 0,
        "equips": "",
        "exers": "27,77,5,44,123,80,90,161"
    },
    {
        "codigo": "52",
        "level": "3",
        "lang": "eu",
        "title": "HIIT",
        "desc": "Erronka bota bihotzari intentsitate handiko tarteekin",
        "time_total": "9",
        "time_run": 0,
        "time_rest": 0,
        "cycles": 0,
        "equips": "",
        "exers": "27,161,44,155,145,90"
    },
    {
        "codigo": "53",
        "level": "3",
        "lang": "eu",
        "title": "Indarra eta arintasuna.",
        "desc": "Areagotu zure energia, mugitu abiaduraz eta eutsi gehiago",
        "time_total": "11",
        "time_run": 0,
        "time_rest": 0,
        "cycles": 0,
        "equips": "",
        "exers": "150,183,81,90,154,169,243"
    },
    {
        "codigo": "54",
        "level": "4",
        "lang": "eu",
        "title": "Zaindu zure  belaunak",
        "desc": "Modu osasungarrian entrenatu, belaunak babesten dituzten giharrak indartuz",
        "time_total": "9",
        "time_run": 0,
        "time_rest": 0,
        "cycles": 0,
        "equips": "",
        "exers": "226,235,139,223,217,5"
    },
    {
        "codigo": "55",
        "level": "4",
        "lang": "eu",
        "title": "Sorbaldak babestu",
        "desc": "Ariketa egin sorbalda egonkorragoak, sendoagoak eta osasuntsuagoak izateko",
        "time_total": "8",
        "time_run": 0,
        "time_rest": 0,
        "cycles": 0,
        "equips": "",
        "exers": "252,233,123,208,236,104"
    },
    {
        "codigo": "56",
        "level": "4",
        "lang": "eu",
        "title": "Bizkar osasuntsua",
        "desc": "Bizkarraren osasuna hobetzen du, gorputzaren erdialdearen kontrola areagotuz",
        "time_total": "8",
        "time_run": 0,
        "time_rest": 0,
        "cycles": 0,
        "equips": "",
        "exers": "104,144,137,8,25,247"
    },
    {
        "codigo": "57",
        "level": "5",
        "lang": "eu",
        "title": "Seniorrentzako hastapenak",
        "desc": "Seniorrentzako hastapen-entrenamendua, alderdi muskularrak, eskeletikoak eta metabolikoak hobetzeko",
        "time_total": "24",
        "time_run": 0,
        "time_rest": 0,
        "cycles": 0,
        "equips": "",
        "exers": "184,164,105,96,92,71,53,999,35,198,83"
    },
    {
        "codigo": "58",
        "level": "5",
        "lang": "eu",
        "title": "Gazte beteranoak",
        "desc": "Kanpoan entrenatuz gero, zure adin funtzionala murriztu egiten da",
        "time_total": "29",
        "time_run": 0,
        "time_rest": 0,
        "cycles": 0,
        "equips": "",
        "exers": "89,71,79,171,121,105,140,87"
    },
    {
        "codigo": "59",
        "level": "5",
        "lang": "eu",
        "title": "Senior aurreratuak",
        "desc": "Hobetu zure indarra eta erresistentzia eskari metaboliko handia duen senior mailako entrenamendu honekin",
        "time_total": "29",
        "time_run": 0,
        "time_rest": 0,
        "cycles": 0,
        "equips": "",
        "exers": "159,34,79,24,91,143,53,59,35,198,83"
    },
    {
        "codigo": "60",
        "level": "5",
        "lang": "eu",
        "title": "Gaztetze aktiboa",
        "desc": "Murriztu zure adin funtzionala indar-, erresistentzia- eta propiozepzio-entrenamendu aurreratu honekin",
        "time_total": "28",
        "time_run": 0,
        "time_rest": 0,
        "cycles": 0,
        "equips": "",
        "exers": "51,160,163,171,159,79,91,34,9,103,134"
    }
]
      
