[
    {
        "codigo": "1",
        "lang": "eu",
        "title": "Bultza"
    },
    {
        "codigo": "2",
        "lang": "eu",
        "title": "Egonkortu"
    },
    {
        "codigo": "3",
        "lang": "eu",
        "title": "Biratu"
    },
    {
        "codigo": "4",
        "lang": "eu",
        "title": "Eskuratu"
    },
    {
        "codigo": "5",
        "lang": "eu",
        "title": "Jaki"
    },
    {
        "codigo": "6",
        "lang": "eu",
        "title": "Tira egin"
    },
    {
        "codigo": "7",
        "lang": "eu",
        "title": "Lokomozioa"
    },
    {
        "codigo": "8",
        "lang": "eu",
        "title": "Makurtu"
    },
    {
        "codigo": "9",
        "lang": "eu",
        "title": "Oinkada"
    }
]