{"materials":[{"id":1,"nombre":"Discos y barras","slug":"discos-barras","url_logo":"discos-barras"},{"id":2,"nombre":"M\u00e1quinas de musculaci\u00f3n","slug":"maquinas-musculacion","url_logo":"maquinas-musculacion"},{"id":3,"nombre":"Bandas el\u00e1sticas","slug":"bandas-elasticas","url_logo":"bandas-elasticas"},{"id":5,"nombre":"Bosu","slug":"bosu","url_logo":"bosu"},{"id":6,"nombre":"Fitball","slug":"fitball","url_logo":"fitball"},{"id":8,"nombre":"Piscina","slug":"piscina","url_logo":"piscina"},{"id":9,"nombre":"TRX","slug":"trx","url_logo":"trx"},{"id":10,"nombre":"Bicicleta","slug":"bicicleta-outdoor","url_logo":"bicicleta-outdoor"},{"id":12,"nombre":"Step","slug":"step","url_logo":"step"},{"id":13,"nombre":"Remo","slug":"remo","url_logo":"remo"},{"id":15,"nombre":"El\u00edptica","slug":"eliptica","url_logo":"eliptica"},{"id":16,"nombre":"Bicicleta est\u00e1tica","slug":"bicicleta-estatica","url_logo":"bicicleta-estatica"}]}
