{"pathologies":[{"id":1,"nombre":"Arterietako hipertentsioa","slug":"hta","orden":8,"restringida":false},{"id":2,"nombre":"Osteoporosia","slug":"osteoporosis","orden":3,"restringida":false},{"id":3,"nombre":"Diabetesa (II)","slug":"diabetestipoII","orden":5,"restringida":false},{"id":4,"nombre":"Obesitatea","slug":"obesidad","orden":1,"restringida":false},{"id":5,"nombre":"Kolesterol edota triglizerido maila handiegia","slug":"dislipemias","orden":4,"restringida":false},{"id":6,"nombre":"Bizkarreko mina","slug":"dolordeespalda","orden":2,"restringida":false},{"id":8,"nombre":"Sindrome metabolikoa","slug":"sindromemetabolico","orden":6,"restringida":false},{"id":9,"nombre":"Biriketako gaixotasun buxatzaile kronikoa","slug":"epoc","orden":7,"restringida":false},{"id":10,"nombre":"Esklerosi anizkoitza","slug":"esclerosismultiple","orden":9,"restringida":false},{"id":11,"nombre":"Fibromialgia","slug":"fibromialgia","orden":10,"restringida":false}]}
