{
    "objectives": {
        "Funcional": {
            "id": 1,
            "subobjectives": [{
                "id": 19,
                "title": "Entrenamiento Total"
            }, {
                "id": 18,
                "title": "Cross training"
            }, {
                "id": 16,
                "title": "Cardio  saludable"
            }, {
                "id": 5,
                "title": "Espalda sana"
            }, {
                "id": 3,
                "title": "Resistencia general"
            }]
        },
        "Muscular": {
            "id": 5,
            "subobjectives": [{
                "id": 15,
                "title": "Culturismo"
            }, {
                "id": 41,
                "title": "Tonificaci\u00f3n"
            }, {
                "id": 20,
                "title": "GAP"
            }, {
                "id": 17,
                "title": "Abdominales"
            }]
        },
        "Adelgazar": {
            "id": 4,
            "subobjectives": [{
                "id": 1,
                "title": "S\u00f3lo adelgazar"
            }, {
                "id": 2,
                "title": "Adelgazar y definir"
            }]
        },
        "Ciclismo/Carrera": {
            "id": 2,
            "subobjectives": [{
                "id": 7,
                "title": "Ciclismo"
            }, {
                "id": 42,
                "title": "Ciclismo larga distancia"
            }, {
                "id": 24,
                "title": "Media marat\u00f3n"
            }, {
                "id": 43,
                "title": "Marat\u00f3n"
            }, {
                "id": 44,
                "title": "Mountain bike"
            }, {
                "id": 45,
                "title": "Duatl\u00f3n 10-40-5"
            }]
        },
        "Salud": {
            "id": 3,
            "subobjectives": [{
                "id": 10,
                "title": "Hipertensi\u00f3n arterial"
            }, {
                "id": 11,
                "title": "Osteoporosis"
            }, {
                "id": 12,
                "title": "Diabetes tipo II"
            }, {
                "id": 14,
                "title": "EPOC"
            }, {
                "id": 34,
                "title": "Exceso de colesterol y triglic\u00e9ridos"
            }, {
                "id": 35,
                "title": "Dolor de espalda"
            }, {
                "id": 37,
                "title": "S\u00edndrome metab\u00f3lico"
            }, {
                "id": 38,
                "title": "Esclerosis m\u00faltiple"
            }, {
                "id": 39,
                "title": "Fibromialgia"
            }]
        }
    }
}
