[
    {
        "codigo": "5",
        "evo_cod": "V5",
        "vit_id": "0",
        "vit_vid_id": "0",
        "lang": "es",
        "title": "SQUAT",
        "text1": "Uno de los reyes del entrenamiento. Piernas y core activados al máximo",
        "text2": "",
        "cues": "10, 11, 5",
        "vimeo": "",
        "moves": "8",
        "skills": "1, 8",
        "targets": "8, 9, 14, 1",
        "vid_align": "0.00",
        "vid_switch": "-1",
        "maq": "0",
        "vid_md5": "",
        "vid_local": "-1"
    },
    {
        "codigo": "6",
        "evo_cod": "V6",
        "vit_id": "0",
        "vit_vid_id": "0",
        "lang": "es",
        "title": "ABDOMINAL BENCH CRUNCH",
        "text1": "Exhala al subir. Activa los abdominales.",
        "text2": "",
        "cues": "2, 23",
        "vimeo": "",
        "moves": "5, 2",
        "skills": "1",
        "targets": "1, 3",
        "vid_align": "0.00",
        "vid_switch": "-1",
        "maq": "0",
        "vid_md5": "",
        "vid_local": "-1"
    },
    {
        "codigo": "8",
        "evo_cod": "V8",
        "vit_id": "0",
        "vit_vid_id": "0",
        "lang": "es",
        "title": "Abdominal hollow",
        "text1": "Activa tu transverso abdominal. Protege tu espalda con este movimiento controlado.",
        "text2": "",
        "cues": "3, 6, 10",
        "vimeo": "",
        "moves": "2",
        "skills": "1",
        "targets": "1",
        "vid_align": "0.00",
        "vid_switch": "-1",
        "maq": "0",
        "vid_md5": "",
        "vid_local": "-1"
    },
    {
        "codigo": "9",
        "evo_cod": "V9",
        "vit_id": "0",
        "vit_vid_id": "0",
        "lang": "es",
        "title": "Abdominal Contracción",
        "text1": "Activa ese músculo tan dificil de activar como es el transverso, con este sencillo ejercicio.",
        "text2": "",
        "cues": "1, 9, 43",
        "vimeo": "",
        "moves": "2",
        "skills": "1, 2",
        "targets": "1",
        "vid_align": "0.00",
        "vid_switch": "-1",
        "maq": "0",
        "vid_md5": "",
        "vid_local": "1"
    },
    {
        "codigo": "11",
        "evo_cod": "V11",
        "vit_id": "0",
        "vit_vid_id": "0",
        "lang": "es",
        "title": "ESTIRAMIENTO ADDUCTOR",
        "text1": "Estiramiento de los diferentes músculos adductores.",
        "text2": "",
        "cues": "1, 6, 9",
        "vimeo": "",
        "moves": "4",
        "skills": "3, 4",
        "targets": "4",
        "vid_align": "0.00",
        "vid_switch": "-1",
        "maq": "0",
        "vid_md5": "",
        "vid_local": "-1"
    },
    {
        "codigo": "24",
        "evo_cod": "V24",
        "vit_id": "0",
        "vit_vid_id": "0",
        "lang": "es",
        "title": "BIRD DOG",
        "text1": "Ejercicio de activación cruzada y protector de la salud vertebral",
        "text2": "",
        "cues": "7, 15, 24",
        "vimeo": "",
        "moves": "2",
        "skills": "1, 2",
        "targets": "1, 11, 10",
        "vid_align": "0.00",
        "vid_switch": "-1",
        "maq": "0",
        "vid_md5": "",
        "vid_local": "1"
    },
    {
        "codigo": "25",
        "evo_cod": "V25",
        "vit_id": "0",
        "vit_vid_id": "0",
        "lang": "es",
        "title": "BIRD DOG",
        "text1": "Ejercicio fundamental para el fortalecimiento de los musculo anti - flexión de cadera y columna",
        "text2": "",
        "cues": "7, 15, 24",
        "vimeo": "",
        "moves": "2",
        "skills": "1, 2",
        "targets": "1, 10, 2",
        "vid_align": "0.00",
        "vid_switch": "1",
        "maq": "0",
        "vid_md5": "",
        "vid_local": "-1"
    },

    {
        "codigo": "27",
        "evo_cod": "V27",
        "vit_id": "0",
        "vit_vid_id": "0",
        "lang": "es",
        "title": "BURPEE",
        "text1": "Uno de los clásicos para el entrenamiento de fuerza, coordinación y resistencia",
        "text2": "",
        "cues": "23, 40, 1",
        "vimeo": "",
        "moves": "1, 7, 8, 5",
        "skills": "8, 6, 7",
        "targets": "8, 9, 13, 14, 1, 2",
        "vid_align": "0.00",
        "vid_switch": "-1",
        "maq": "0",
        "vid_md5": "",
        "vid_local": "-1"
    },
    {
        "codigo": "33",
        "evo_cod": "V33",
        "vit_id": "0",
        "vit_vid_id": "0",
        "lang": "es",
        "title": "CRUNCH",
        "text1": "Clásico ejercicio de congestión abdominal",
        "text2": "",
        "cues": "2, 23, 9",
        "vimeo": "",
        "moves": "6, 2, 5",
        "skills": "1",
        "targets": "1",
        "vid_align": "0.00",
        "vid_switch": "-1",
        "maq": "0",
        "vid_md5": "",
        "vid_local": "-1"
    },
    {
        "codigo": "34",
        "evo_cod": "V34",
        "vit_id": "0",
        "vit_vid_id": "0",
        "lang": "es",
        "title": "CRUNCH 1 PIERNA",
        "text1": "Este ejercicio aislará de forma muy intensa tu musculatura abdominal",
        "text2": "",
        "cues": "2, 13, 23",
        "vimeo": "",
        "moves": "6, 2, 5",
        "skills": "1",
        "targets": "1",
        "vid_align": "0.00",
        "vid_switch": "-1",
        "maq": "0",
        "vid_md5": "",
        "vid_local": "1"
    },
    {
        "codigo": "35",
        "evo_cod": "V35",
        "vit_id": "0",
        "vit_vid_id": "0",
        "lang": "es",
        "title": "ESTIRAMIENTO CUADRICEPS",
        "text1": "Estiramiento de cuadriceps",
        "text2": "",
        "cues": "12, 7, 1",
        "vimeo": "",
        "moves": "4",
        "skills": "3, 4",
        "targets": "8",
        "vid_align": "0.00",
        "vid_switch": "1",
        "maq": "0",
        "vid_md5": "",
        "vid_local": "1"
    },
    {
        "codigo": "36",
        "evo_cod": "V36",
        "vit_id": "0",
        "vit_vid_id": "0",
        "lang": "es",
        "title": "ESTIRAMIENTO CUADRICEPS",
        "text1": "Estiramiento de cuadriceps",
        "text2": "",
        "cues": "12, 34, 1",
        "vimeo": "",
        "moves": "4",
        "skills": "3, 4",
        "targets": "8",
        "vid_align": "0.00",
        "vid_switch": "1",
        "maq": "0",
        "vid_md5": "",
        "vid_local": "-1"
    },
    {
        "codigo": "43",
        "evo_cod": "V43",
        "vit_id": "0",
        "vit_vid_id": "0",
        "lang": "es",
        "title": "DOMINADAS AGARRE SUPINO",
        "text1": "Variante menos exigente de este clasico ejercicio",
        "text2": "",
        "cues": "2, 17, 11",
        "vimeo": "",
        "moves": "6, 4",
        "skills": "1, 8",
        "targets": "11, 12",
        "vid_align": "0.00",
        "vid_switch": "-1",
        "maq": "0",
        "vid_md5": "",
        "vid_local": "-1"
    },
    {
        "codigo": "44",
        "evo_cod": "V44",
        "vit_id": "0",
        "vit_vid_id": "0",
        "lang": "es",
        "title": "DYNAMIC LUNGE CON SALTO",
        "text1": "Variación del lunge que implica mayor resistencia muscular",
        "text2": "",
        "cues": "5, 13, 1",
        "vimeo": "",
        "moves": "9",
        "skills": "1, 7",
        "targets": "8, 9, 13, 14",
        "vid_align": "0.00",
        "vid_switch": "-1",
        "maq": "0",
        "vid_md5": "",
        "vid_local": "-1"
    },
    {
        "codigo": "49",
        "evo_cod": "49-Elevacionlateralmancuernas",
        "vit_id": "0",
        "vit_vid_id": "0",
        "lang": "es",
        "title": "ELEVACIONES LATERALES MANCUERNAS",
        "text1": "",
        "text2": "",
        "cues": "16, 20, 1",
        "vimeo": "",
        "moves": "1",
        "skills": "1, 4",
        "targets": "2",
        "vid_align": "0.00",
        "vid_switch": "-1",
        "maq": "0",
        "vid_md5": "",
        "vid_local": "-1"
    },
    {
        "codigo": "51",
        "evo_cod": "V51",
        "vit_id": "0",
        "vit_vid_id": "0",
        "lang": "es",
        "title": "Estático monopodal sin visión",
        "text1": "Ejercicio para la mejora del equilibrio y propiocepción dinamica",
        "text2": "",
        "cues": "11, 31, 13",
        "vimeo": "",
        "moves": "2",
        "skills": "2",
        "targets": "1",
        "vid_align": "0.00",
        "vid_switch": "1",
        "maq": "0",
        "vid_md5": "",
        "vid_local": "1"
    },
    {
        "codigo": "53",
        "evo_cod": "V53",
        "vit_id": "0",
        "vit_vid_id": "0",
        "lang": "es",
        "title": "EXTENSIÓN PIERNA Y CUELLO EN SILLA",
        "text1": "Ejercicio destinado a la liberación del recorrido del músculo ciático",
        "text2": "",
        "cues": "1, 34, 13",
        "vimeo": "",
        "moves": "2",
        "skills": "3, 4",
        "targets": "10, 9, 14",
        "vid_align": "0.00",
        "vid_switch": "1",
        "maq": "0",
        "vid_md5": "",
        "vid_local": "1"
    },
    {
        "codigo": "57",
        "evo_cod": "57-Fondosinvertidos",
        "vit_id": "0",
        "vit_vid_id": "0",
        "lang": "es",
        "title": "Triceps Banco",
        "text1": "",
        "text2": "",
        "cues": "18, 11, 2",
        "vimeo": "",
        "moves": "1",
        "skills": "1, 4",
        "targets": "7",
        "vid_align": "0.00",
        "vid_switch": "-1",
        "maq": "0",
        "vid_md5": "",
        "vid_local": "-1"
    },
    {
        "codigo": "59",
        "evo_cod": "59-Estiramientopsoas",
        "vit_id": "0",
        "vit_vid_id": "0",
        "lang": "es",
        "title": "Estiramiento Psoas",
        "text1": "",
        "text2": "",
        "cues": "6, 1, 38",
        "vimeo": "",
        "moves": "2",
        "skills": "3",
        "targets": "15",
        "vid_align": "0.00",
        "vid_switch": "1",
        "maq": "0",
        "vid_md5": "",
        "vid_local": "-1"
    },
    {
        "codigo": "61",
        "evo_cod": "61-Estiramientogluteo",
        "vit_id": "0",
        "vit_vid_id": "0",
        "lang": "es",
        "title": "Estiramiento Glúteo",
        "text1": "",
        "text2": "",
        "cues": "6, 4, 1",
        "vimeo": "",
        "moves": "2",
        "skills": "3",
        "targets": "9",
        "vid_align": "0.00",
        "vid_switch": "1",
        "maq": "0",
        "vid_md5": "",
        "vid_local": "-1"
    },
    {
        "codigo": "63",
        "evo_cod": "63-Estiramientohombrodorsal",
        "vit_id": "0",
        "vit_vid_id": "0",
        "lang": "es",
        "title": "Estiramiento Hombro-Dorsal",
        "text1": "",
        "text2": "",
        "cues": "5, 12, 1",
        "vimeo": "",
        "moves": "4",
        "skills": "3, 4",
        "targets": "2",
        "vid_align": "0.00",
        "vid_switch": "1",
        "maq": "0",
        "vid_md5": "",
        "vid_local": "-1"
    },
    {
        "codigo": "68",
        "evo_cod": "V68",
        "vit_id": "0",
        "vit_vid_id": "0",
        "lang": "es",
        "title": "HOVER TO PLANK",
        "text1": "Combinacion de 2 ejercicios para activar tu core profundo",
        "text2": "",
        "cues": "5, 40, 11",
        "vimeo": "",
        "moves": "2, 1, 3",
        "skills": "1, 2",
        "targets": "1, 2",
        "vid_align": "0.00",
        "vid_switch": "1",
        "maq": "0",
        "vid_md5": "",
        "vid_local": "-1"
    },
    {
        "codigo": "71",
        "evo_cod": "V71",
        "vit_id": "0",
        "vit_vid_id": "0",
        "lang": "es",
        "title": "ISOMETRÍA EN PARED",
        "text1": "Estimula tus piernas con este gran ejercicio",
        "text2": "",
        "cues": "10, 11, 5",
        "vimeo": "",
        "moves": "8, 2",
        "skills": "1",
        "targets": "8, 1",
        "vid_align": "0.00",
        "vid_switch": "-1",
        "maq": "0",
        "vid_md5": "",
        "vid_local": "1"
    },
    {
        "codigo": "74",
        "evo_cod": "V74",
        "vit_id": "0",
        "vit_vid_id": "0",
        "lang": "es",
        "title": "ESTIRAMIENTO ISQUIOTIBIALES",
        "text1": "Estiramiento de la musculatura isquiotibial",
        "text2": "",
        "cues": "33, 6, 1",
        "vimeo": "",
        "moves": "4",
        "skills": "3, 4",
        "targets": "14",
        "vid_align": "0.00",
        "vid_switch": "1",
        "maq": "0",
        "vid_md5": "",
        "vid_local": "-1"
    },
    {
        "codigo": "77",
        "evo_cod": "V77",
        "vit_id": "0",
        "vit_vid_id": "0",
        "lang": "es",
        "title": "JUMPING JACKS",
        "text1": "Clásico ejercicio de fuerza y resistencia",
        "text2": "",
        "cues": "30, 29, 11",
        "vimeo": "",
        "moves": "7",
        "skills": "8, 7",
        "targets": "8, 9, 14, 13, 2, 1",
        "vid_align": "0.00",
        "vid_switch": "-1",
        "maq": "0",
        "vid_md5": "",
        "vid_local": "-1"
    },
    {
        "codigo": "79",
        "evo_cod": "V79",
        "vit_id": "0",
        "vit_vid_id": "0",
        "lang": "es",
        "title": "FLEXIONES BRAZOS DE RODILLAS",
        "text1": "Variante de las clasicas flexiones",
        "text2": "",
        "cues": "11, 5, 18",
        "vimeo": "",
        "moves": "1",
        "skills": "1, 2",
        "targets": "6, 2, 7",
        "vid_align": "0.00",
        "vid_switch": "-1",
        "maq": "0",
        "vid_md5": "",
        "vid_local": "1"
    },
    {
        "codigo": "80",
        "evo_cod": "V80",
        "vit_id": "0",
        "vit_vid_id": "0",
        "lang": "es",
        "title": "Traveling push ups",
        "text1": "Combina el desplazamiento con el trabajo muscular intenso",
        "text2": "",
        "cues": "5, 1, 13",
        "vimeo": "",
        "moves": "1, 2, 7",
        "skills": "1, 2",
        "targets": "1, 6, 2, 7",
        "vid_align": "0.00",
        "vid_switch": "-1",
        "maq": "0",
        "vid_md5": "",
        "vid_local": "-1"
    },
    {
        "codigo": "81",
        "evo_cod": "V81",
        "vit_id": "0",
        "vit_vid_id": "0",
        "lang": "es",
        "title": "LATERAL JUMPS",
        "text1": "Ejercicio para el desarrollo de la potencia de tren inferior",
        "text2": "",
        "cues": "5, 1, 32",
        "vimeo": "",
        "moves": "7",
        "skills": "8, 7, 6",
        "targets": "8, 9, 13, 14",
        "vid_align": "0.00",
        "vid_switch": "-1",
        "maq": "0",
        "vid_md5": "",
        "vid_local": "-1"
    },
    {
        "codigo": "83",
        "evo_cod": "V83",
        "vit_id": "0",
        "vit_vid_id": "0",
        "lang": "es",
        "title": "ESTIRAMIENTO LUMBAR",
        "text1": "Estiramiento de la musculatura lumbar",
        "text2": "",
        "cues": "12, 1, 4",
        "vimeo": "",
        "moves": "4",
        "skills": "3, 4",
        "targets": "10",
        "vid_align": "0.00",
        "vid_switch": "-1",
        "maq": "0",
        "vid_md5": "",
        "vid_local": "1"
    },
    {
        "codigo": "84",
        "evo_cod": "V84",
        "vit_id": "0",
        "vit_vid_id": "0",
        "lang": "es",
        "title": "ESTIRAMIENTO LUMBAR",
        "text1": "Estiramiento de la musculatura lumbar",
        "text2": "",
        "cues": "6, 1, 24",
        "vimeo": "",
        "moves": "4",
        "skills": "3, 4",
        "targets": "10",
        "vid_align": "0.00",
        "vid_switch": "-1",
        "maq": "0",
        "vid_md5": "",
        "vid_local": "-1"
    },
    {
        "codigo": "87",
        "evo_cod": "V87",
        "vit_id": "0",
        "vit_vid_id": "0",
        "lang": "es",
        "title": "ESTIRAMIENTO MANOS ARRIBA",
        "text1": "Estiramiento genético que actúa sobre brazos y parte superior del tronco",
        "text2": "",
        "cues": "19, 1, 7",
        "vimeo": "",
        "moves": "4",
        "skills": "3, 4",
        "targets": "12, 16",
        "vid_align": "0.00",
        "vid_switch": "-1",
        "maq": "0",
        "vid_md5": "",
        "vid_local": "1"
    },
    {
        "codigo": "89",
        "evo_cod": "V89",
        "vit_id": "0",
        "vit_vid_id": "0",
        "lang": "es",
        "title": "MARCHA ADELANTE",
        "text1": "Uno de los patrones motores básicos del ser humano",
        "text2": "",
        "cues": "14, 1, 30",
        "vimeo": "",
        "moves": "7",
        "skills": "7",
        "targets": "8, 9, 14, 13",
        "vid_align": "0.00",
        "vid_switch": "-1",
        "maq": "0",
        "vid_md5": "",
        "vid_local": "1"
    },
    {
        "codigo": "90",
        "evo_cod": "V90",
        "vit_id": "0",
        "vit_vid_id": "0",
        "lang": "es",
        "title": "MOUNTAIN CLIMBER",
        "text1": "Simula que estás escalando y desarrolla tus abdominales",
        "text2": "",
        "cues": "11, 5, 1",
        "vimeo": "",
        "moves": "1, 6, 2",
        "skills": "1, 2, 7",
        "targets": "1, 3",
        "vid_align": "0.00",
        "vid_switch": "-1",
        "maq": "0",
        "vid_md5": "",
        "vid_local": "-1"
    },
    {
        "codigo": "91",
        "evo_cod": "V91",
        "vit_id": "0",
        "vit_vid_id": "0",
        "lang": "es",
        "title": "MOUNTAIN CLIMBER",
        "text1": "Simula que estás escalando y desarrolla tus abdominales",
        "text2": "",
        "cues": "11, 5, 1",
        "vimeo": "",
        "moves": "6, 2, 5",
        "skills": "1, 2, 7",
        "targets": "1, 3",
        "vid_align": "0.00",
        "vid_switch": "-1",
        "maq": "0",
        "vid_md5": "",
        "vid_local": "1"
    },
    {
        "codigo": "92",
        "evo_cod": "V92",
        "vit_id": "0",
        "vit_vid_id": "0",
        "lang": "es",
        "title": "MOUNTAIN CLIMBER EN PARED",
        "text1": "Variante del Mountain Climber apropiada para iniciación",
        "text2": "",
        "cues": "11, 5, 1",
        "vimeo": "",
        "moves": "6, 2",
        "skills": "1, 2, 7",
        "targets": "1, 3",
        "vid_align": "0.00",
        "vid_switch": "-1",
        "maq": "0",
        "vid_md5": "",
        "vid_local": "1"
    },
    {
        "codigo": "95",
        "evo_cod": "V95",
        "vit_id": "0",
        "vit_vid_id": "0",
        "lang": "es",
        "title": "OBLICUOS RODILLA CRUZADA",
        "text1": "Ejercicio focalizado en tus músculos oblicuo interno y externo",
        "text2": "",
        "cues": "23, 5, 2",
        "vimeo": "",
        "moves": "2, 5, 3",
        "skills": "1",
        "targets": "1, 3",
        "vid_align": "0.00",
        "vid_switch": "1",
        "maq": "0",
        "vid_md5": "",
        "vid_local": "-1"
    },
    {
        "codigo": "96",
        "evo_cod": "V96",
        "vit_id": "0",
        "vit_vid_id": "0",
        "lang": "es",
        "title": "DELTOIDES CON BOTELLAS",
        "text1": "Ejercicio de carga baja para la fuerza y estabiidad de hombro y espalda",
        "text2": "",
        "cues": "11, 7, 16",
        "vimeo": "",
        "moves": "6",
        "skills": "1",
        "targets": "11, 2 ",
        "vid_align": "0.00",
        "vid_switch": "-1",
        "maq": "0",
        "vid_md5": "",
        "vid_local": "1"
    },
    {
        "codigo": "103",
        "evo_cod": "V103",
        "vit_id": "0",
        "vit_vid_id": "0",
        "lang": "es",
        "title": "PLANK",
        "text1": "Un ejercicio básico para la activación del core profundo",
        "text2": "",
        "cues": "11, 7, 25",
        "vimeo": "",
        "moves": "1, 2",
        "skills": "1, 2",
        "targets": "1 , 2",
        "vid_align": "0.00",
        "vid_switch": "-1",
        "maq": "0",
        "vid_md5": "",
        "vid_local": "1"
    },
    {
        "codigo": "104",
        "evo_cod": "V104",
        "vit_id": "0",
        "vit_vid_id": "0",
        "lang": "es",
        "title": "FRONT BRIDGE",
        "text1": "Ejercicio anti extensión que protege tu cadera y columna",
        "text2": "",
        "cues": "11, 5, 1",
        "vimeo": "",
        "moves": "1, 2",
        "skills": "1, 2",
        "targets": "1, 2",
        "vid_align": "0.00",
        "vid_switch": "-1",
        "maq": "0",
        "vid_md5": "",
        "vid_local": "-1"
    },
    {
        "codigo": "105",
        "evo_cod": "V105",
        "vit_id": "0",
        "vit_vid_id": "0",
        "lang": "es",
        "title": "PLANK EN PARED",
        "text1": "Variante menos intensa del ejercicio plank",
        "text2": "",
        "cues": "11, 7, 25",
        "vimeo": "",
        "moves": "1, 2",
        "skills": "1, 2",
        "targets": "1, 2",
        "vid_align": "0.00",
        "vid_switch": "-1",
        "maq": "0",
        "vid_md5": "",
        "vid_local": "1"
    },

    {
        "codigo": "121",
        "evo_cod": "V121",
        "vit_id": "0",
        "vit_vid_id": "0",
        "lang": "es",
        "title": "PUSH PRESS",
        "text1": "Variante del thruster, que busca una mayor velocidad de ejecución. Muy completo",
        "text2": "",
        "cues": "16, 10, 11",
        "vimeo": "",
        "moves": "1, 4",
        "skills": "1",
        "targets": "2, 7, 1, 8",
        "vid_align": "0.00",
        "vid_switch": "-1",
        "maq": "0",
        "vid_md5": "",
        "vid_local": "1"
    },
    {
        "codigo": "123",
        "evo_cod": "V123",
        "vit_id": "0",
        "vit_vid_id": "0",
        "lang": "es",
        "title": "PUSH UP HOLD",
        "text1": "Incrementa la acción muscular respecto a las clásicas \"flexiones\"",
        "text2": "",
        "cues": "18, 5, 2",
        "vimeo": "",
        "moves": "2, 1",
        "skills": "1, 2",
        "targets": "6, 2, 7",
        "vid_align": "0.00",
        "vid_switch": "-1",
        "maq": "0",
        "vid_md5": "",
        "vid_local": "-1"
    },
    {
        "codigo": "134",
        "evo_cod": "V134",
        "vit_id": "0",
        "vit_vid_id": "0",
        "lang": "es",
        "title": "ABDOMINAL TIJERAS",
        "text1": "Uno de los clasicos para el desarrollo de la fuerza abdominal",
        "text2": "",
        "cues": "1, 23, 9",
        "vimeo": "",
        "moves": "6, 2",
        "skills": "1, 2",
        "targets": "1",
        "vid_align": "0.00",
        "vid_switch": "-1",
        "maq": "0",
        "vid_md5": "",
        "vid_local": "1"
    },
    {
        "codigo": "137",
        "evo_cod": "V137",
        "vit_id": "0",
        "vit_vid_id": "0",
        "lang": "es",
        "title": "SHOULDER BRIDGE",
        "text1": "Ejercicio anti flexión que protege tu cadera y columna",
        "text2": "",
        "cues": "18, 14, 1",
        "vimeo": "",
        "moves": "1, 2",
        "skills": "1, 2",
        "targets": "1, 14, 9",
        "vid_align": "0.00",
        "vid_switch": "-1",
        "maq": "0",
        "vid_md5": "",
        "vid_local": "-1"
    },
    {
        "codigo": "139",
        "evo_cod": "V139",
        "vit_id": "0",
        "vit_vid_id": "0",
        "lang": "es",
        "title": "SHOULDER BRIDGE UNA PIERNA",
        "text1": "Variante que estimula el equilibrio además de la musculatura anti flexión y anti rotación",
        "text2": "",
        "cues": "18, 39, 1",
        "vimeo": "",
        "moves": "2",
        "skills": "1, 2",
        "targets": "1, 9, 10",
        "vid_align": "0.00",
        "vid_switch": "1",
        "maq": "0",
        "vid_md5": "",
        "vid_local": "-1"
    },
    {
        "codigo": "140",
        "evo_cod": "V140",
        "vit_id": "0",
        "vit_vid_id": "0",
        "lang": "es",
        "title": "SIDE EN PARED",
        "text1": "Variante menos intensa del ejercicio Side plank",
        "text2": "",
        "cues": "11, 7, 1",
        "vimeo": "",
        "moves": "1, 3, 2",
        "skills": "1, 2",
        "targets": "1, 2",
        "vid_align": "0.00",
        "vid_switch": "1",
        "maq": "0",
        "vid_md5": "",
        "vid_local": "1"
    },
    {
        "codigo": "143",
        "evo_cod": "V143",
        "vit_id": "0",
        "vit_vid_id": "0",
        "lang": "es",
        "title": "SIDE RODILLAS",
        "text1": "Es una variante muy efectiva para entrenar la musculatura anti - flexión lateral",
        "text2": "",
        "cues": "11, 14, 1",
        "vimeo": "",
        "moves": "1, 3, 2",
        "skills": "1, 2",
        "targets": "1, 2",
        "vid_align": "0.00",
        "vid_switch": "1",
        "maq": "0",
        "vid_md5": "",
        "vid_local": "1"
    },
    {
        "codigo": "144",
        "evo_cod": "V144",
        "vit_id": "0",
        "vit_vid_id": "0",
        "lang": "es",
        "title": "Side Bridge Rodillas",
        "text1": "Ejercicio anti flexión lateral que protege tu cadera y columna",
        "text2": "",
        "cues": "11, 14, 1",
        "vimeo": "",
        "moves": "1, 3, 2",
        "skills": "1, 2",
        "targets": "1, 2",
        "vid_align": "0.00",
        "vid_switch": "1",
        "maq": "0",
        "vid_md5": "",
        "vid_local": "-1"
    },
    {
        "codigo": "145",
        "evo_cod": "V145",
        "vit_id": "0",
        "vit_vid_id": "0",
        "lang": "es",
        "title": "Side to side shuffle",
        "text1": "Un gran ejercicio para mejorar tu agilidad y potencia",
        "text2": "",
        "cues": "32, 30, 35",
        "vimeo": "",
        "moves": "7",
        "skills": "5, 7, 6",
        "targets": "8, 9, 13, 3, 14",
        "vid_align": "0.00",
        "vid_switch": "1",
        "maq": "0",
        "vid_md5": "",
        "vid_local": "-1"
    },
    {
        "codigo": "150",
        "evo_cod": "V150",
        "vit_id": "0",
        "vit_vid_id": "0",
        "lang": "es",
        "title": "Skipping",
        "text1": "Activa tu musculatura de tren inferior y estimula tu resistencia y fuerza",
        "text2": "",
        "cues": "32, 29, 5",
        "vimeo": "",
        "moves": "7",
        "skills": "5, 7, 6",
        "targets": "8, 9, 13, 3, 14",
        "vid_align": "0.00",
        "vid_switch": "-1",
        "maq": "0",
        "vid_md5": "",
        "vid_local": "-1"
    },
    {
        "codigo": "154",
        "evo_cod": "V154",
        "vit_id": "0",
        "vit_vid_id": "0",
        "lang": "es",
        "title": "Sprint lateral",
        "text1": "Mejora tu velocidad y agilidad con este ejercicio",
        "text2": "",
        "cues": "35, 29, 1",
        "vimeo": "",
        "moves": "7",
        "skills": "5, 7, 6",
        "targets": "8, 9, 13, 3, 14",
        "vid_align": "0.00",
        "vid_switch": "1",
        "maq": "0",
        "vid_md5": "",
        "vid_local": "-1"
    },
    {
        "codigo": "155",
        "evo_cod": "V155",
        "vit_id": "0",
        "vit_vid_id": "0",
        "lang": "es",
        "title": "Sprint lateral tocando suelo",
        "text1": "Mejora tu velocidad y agilidad con este ejercicio",
        "text2": "",
        "cues": "35, 29, 1",
        "vimeo": "",
        "moves": "7, 3, 9",
        "skills": "5, 7, 6,",
        "targets": "8, 9, 13, 3, 14",
        "vid_align": "0.00",
        "vid_switch": "1",
        "maq": "0",
        "vid_md5": "",
        "vid_local": "-1"
    },
    {
        "codigo": "159",
        "evo_cod": "V159",
        "vit_id": "0",
        "vit_vid_id": "0",
        "lang": "es",
        "title": "SANTADILA",
        "text1": "Algunos llaman \"El rey\" a este ejercicio. Fuerza para tus piernas y zona central",
        "text2": "",
        "cues": "10, 11, 7",
        "vimeo": "",
        "moves": "8",
        "skills": "1, 2",
        "targets": "8, 9, 14, 1",
        "vid_align": "0.00",
        "vid_switch": "-1",
        "maq": "0",
        "vid_md5": "",
        "vid_local": "1"
    },
    {
        "codigo": "160",
        "evo_cod": "V160",
        "vit_id": "0",
        "vit_vid_id": "0",
        "lang": "es",
        "title": "SENTADILLA OJOS CERRADOS",
        "text1": "Ejercicio para mejorar tu equilibrio y propiocepción",
        "text2": "",
        "cues": "10, 11, 7",
        "vimeo": "",
        "moves": "8, 2",
        "skills": "1, 2",
        "targets": "8, 9, 14,17",
        "vid_align": "0.00",
        "vid_switch": "-1",
        "maq": "0",
        "vid_md5": "",
        "vid_local": "1"
    },
    {
        "codigo": "161",
        "evo_cod": "V161",
        "vit_id": "0",
        "vit_vid_id": "0",
        "lang": "es",
        "title": "SQUAT JUMP",
        "text1": "Variante de sentadilla enfocado en desarrollo de la potencia",
        "text2": "",
        "cues": "30, 5, 13",
        "vimeo": "",
        "moves": "8, 7",
        "skills": "1, 8, 7",
        "targets": "8, 9, 13, 14",
        "vid_align": "0.00",
        "vid_switch": "-1",
        "maq": "0",
        "vid_md5": "",
        "vid_local": "-1"
    },
    {
        "codigo": "163",
        "evo_cod": "V163",
        "vit_id": "0",
        "vit_vid_id": "0",
        "lang": "es",
        "title": "FLEXIÓN LATERAL OJOS CERRADOS",
        "text1": "Ejercicio para mejorar tu equilibrio y propiocepción",
        "text2": "",
        "cues": "13, 11, 12",
        "vimeo": "",
        "moves": "8, 2",
        "skills": "1, 2",
        "targets": "8, 9, 14, 13, 1",
        "vid_align": "0.00",
        "vid_switch": "1",
        "maq": "0",
        "vid_md5": "",
        "vid_local": "1"
    },
    {
        "codigo": "164",
        "evo_cod": "V164",
        "vit_id": "0",
        "vit_vid_id": "0",
        "lang": "es",
        "title": "SENTADILLA SILLA",
        "text1": "Variante de menor intensidad del ejercicio Squat",
        "text2": "",
        "cues": "10, 11, 42",
        "vimeo": "",
        "moves": "8, 5",
        "skills": "1",
        "targets": "8, 9, 14, 5, 1",
        "vid_align": "0.00",
        "vid_switch": "-1",
        "maq": "0",
        "vid_md5": "",
        "vid_local": "1"
    },
    {
        "codigo": "169",
        "evo_cod": "V169",
        "vit_id": "0",
        "vit_vid_id": "0",
        "lang": "es",
        "title": "Talones atrás",
        "text1": "Movimiento híbrido de coordinación y resistencia",
        "text2": "",
        "cues": "32, 35, 1",
        "vimeo": "",
        "moves": "7",
        "skills": "5, 7",
        "targets": "14, 13",
        "vid_align": "0.00",
        "vid_switch": "-1",
        "maq": "0",
        "vid_md5": "",
        "vid_local": "-1"
    },
    {
        "codigo": "171",
        "evo_cod": "V171",
        "vit_id": "0",
        "vit_vid_id": "0",
        "lang": "es",
        "title": "THRUSTER",
        "text1": "Ejercicio que involucra la practica todalidad del cuerpo. Muy completo",
        "text2": "",
        "cues": "10, 11, 5",
        "vimeo": "",
        "moves": "8, 1",
        "skills": "1, 2",
        "targets": "8, 9, 2, 7, 1",
        "vid_align": "0.00",
        "vid_switch": "-1",
        "maq": "0",
        "vid_md5": "",
        "vid_local": "1"
    },
    {
        "codigo": "173",
        "evo_cod": "173-Estiramientorotacioncadera",
        "vit_id": "0",
        "vit_vid_id": "0",
        "lang": "es",
        "title": "ESTIRAMIENTO ROTACION CADERA",
        "text1": "Estiramiento de rotadores y extensores de cadera",
        "text2": "",
        "cues": "36, 37, 1",
        "vimeo": "",
        "moves": "4",
        "skills": "3, 4",
        "targets": "9, 10",
        "vid_align": "0.00",
        "vid_switch": "1",
        "maq": "0",
        "vid_md5": "",
        "vid_local": "-1"
    },
    {
        "codigo": "183",
        "evo_cod": "V183",
        "vit_id": "0",
        "vit_vid_id": "0",
        "lang": "es",
        "title": "WALKING LUNGE",
        "text1": "Ejercicio dinámico que activa la musculatura de piernas, sobre todo cuadriceps y gluteo",
        "text2": "",
        "cues": "13, 5, 1",
        "vimeo": "",
        "moves": "7, 9",
        "skills": "1, 7",
        "targets": "8, 9 , 14",
        "vid_align": "0.00",
        "vid_switch": "-1",
        "maq": "0",
        "vid_md5": "",
        "vid_local": "-1"
    },
    {
        "codigo": "184",
        "evo_cod": "V184",
        "vit_id": "0",
        "vit_vid_id": "0",
        "lang": "es",
        "title": "FLEXIÓN BRAZOS EN PARED",
        "text1": "Ejercicio de iniciación para el estímulo de la musculatura de brazos y pecho",
        "text2": "",
        "cues": "1, 7, 18",
        "vimeo": "",
        "moves": "1, 2",
        "skills": "1, 2",
        "targets": "6, 2, 7",
        "vid_align": "0.00",
        "vid_switch": "-1",
        "maq": "0",
        "vid_md5": "",
        "vid_local": "1"
    },
    {
        "codigo": "198",
        "evo_cod": "V198",
        "vit_id": "0",
        "vit_vid_id": "0",
        "lang": "es",
        "title": "ESTIRAMIENTO ISQUITIBIALES",
        "text1": "Estiramiento de la musculatura isquiotibial",
        "text2": "",
        "cues": "24, 33, 1",
        "vimeo": "",
        "moves": "4",
        "skills": "3, 4",
        "targets": "14",
        "vid_align": "0.00",
        "vid_switch": "1",
        "maq": "0",
        "vid_md5": "",
        "vid_local": "1"
    },
    {
        "codigo": "204",
        "evo_cod": "204-Abduccioncadera",
        "vit_id": "0",
        "vit_vid_id": "0",
        "lang": "es",
        "title": "ABDUCTORES MÁQUINA",
        "text1": "",
        "text2": "",
        "cues": "23, 1, 13",
        "vimeo": "",
        "moves": "1",
        "skills": "1, 4",
        "targets": "4",
        "vid_align": "0.00",
        "vid_switch": "1",
        "maq": "0",
        "vid_md5": "",
        "vid_local": "-1"
    },
    {
        "codigo": "205",
        "evo_cod": "205-Adduccioncadera",
        "vit_id": "0",
        "vit_vid_id": "0",
        "lang": "es",
        "title": "ADDUCTORES MÁQUINA",
        "text1": "",
        "text2": "",
        "cues": "23, 1, 13",
        "vimeo": "",
        "moves": "1",
        "skills": "1, 4",
        "targets": "1, 2",
        "vid_align": "0.00",
        "vid_switch": "1",
        "maq": "0",
        "vid_md5": "",
        "vid_local": "-1"
    },
    {
        "codigo": "206",
        "evo_cod": "206-Aperturas",
        "vit_id": "0",
        "vit_vid_id": "0",
        "lang": "es",
        "title": "APERTURAS PECHO MANCUERNAS",
        "text1": "",
        "text2": "",
        "cues": "5, 20, 3",
        "vimeo": "",
        "moves": "1",
        "skills": "1, 4",
        "targets": "2, 6",
        "vid_align": "0.00",
        "vid_switch": "1",
        "maq": "0",
        "vid_md5": "",
        "vid_local": "-1"
    },
    {
        "codigo": "207",
        "evo_cod": "207-BatlingRope",
        "vit_id": "0",
        "vit_vid_id": "0",
        "lang": "es",
        "title": "BATTLING ROPE",
        "text1": "",
        "text2": "",
        "cues": "16, 11, 1",
        "vimeo": "",
        "moves": "2",
        "skills": "1, 7",
        "targets": "10, 16",
        "vid_align": "0.00",
        "vid_switch": "1",
        "maq": "0",
        "vid_md5": "",
        "vid_local": "-1"
    },
    {
        "codigo": "208",
        "evo_cod": "208-Cablebiceps",
        "vit_id": "0",
        "vit_vid_id": "0",
        "lang": "es",
        "title": "CABLE BICEPS",
        "text1": "",
        "text2": "",
        "cues": "18, 7, 1",
        "vimeo": "",
        "moves": "1",
        "skills": "1",
        "targets": "12",
        "vid_align": "0.00",
        "vid_switch": "1",
        "maq": "0",
        "vid_md5": "",
        "vid_local": "-1"
    },
    {
        "codigo": "209",
        "evo_cod": "209-Cablelungeonearmpress",
        "vit_id": "0",
        "vit_vid_id": "0",
        "lang": "es",
        "title": "CABLE LUNGE + ONE ARM PRESS",
        "text1": "",
        "text2": "",
        "cues": "23, 21, 14",
        "vimeo": "",
        "moves": "1",
        "skills": "1, 4",
        "targets": "1, 6",
        "vid_align": "0.00",
        "vid_switch": "1",
        "maq": "0",
        "vid_md5": "",
        "vid_local": "-1"
    },
    {
        "codigo": "210",
        "evo_cod": "210-Cablelungeonearmpull",
        "vit_id": "0",
        "vit_vid_id": "0",
        "lang": "es",
        "title": "CABLE LUNGE + ONE ARM PULL",
        "text1": "",
        "text2": "",
        "cues": "23, 21, 14",
        "vimeo": "",
        "moves": "1",
        "skills": "1, 4",
        "targets": "16",
        "vid_align": "0.00",
        "vid_switch": "1",
        "maq": "0",
        "vid_md5": "",
        "vid_local": "-1"
    },
    {
        "codigo": "211",
        "evo_cod": "211-Calfraise",
        "vit_id": "0",
        "vit_vid_id": "0",
        "lang": "es",
        "title": "CALF RAISE",
        "text1": "",
        "text2": "",
        "cues": "5, 12, 2",
        "vimeo": "",
        "moves": "1",
        "skills": "1, 4",
        "targets": "13, 17",
        "vid_align": "0.00",
        "vid_switch": "1",
        "maq": "0",
        "vid_md5": "",
        "vid_local": "-1"
    },
    {
        "codigo": "212",
        "evo_cod": "212-Carreraencinta",
        "vit_id": "0",
        "vit_vid_id": "0",
        "lang": "es",
        "title": "CARRERA EN CINTA",
        "text1": "",
        "text2": "",
        "cues": "27, 29, 28",
        "vimeo": "",
        "moves": "7",
        "skills": "4, 7",
        "targets": "15",
        "vid_align": "0.00",
        "vid_switch": "1",
        "maq": "0",
        "vid_md5": "",
        "vid_local": "-1"
    },
    {
        "codigo": "213",
        "evo_cod": "213-Contractoramaquina",
        "vit_id": "0",
        "vit_vid_id": "0",
        "lang": "es",
        "title": "CHEST FLY MÁQUINA",
        "text1": "",
        "text2": "",
        "cues": "5, 20, 3",
        "vimeo": "",
        "moves": "1",
        "skills": "1, 4",
        "targets": "6",
        "vid_align": "0.00",
        "vid_switch": "1",
        "maq": "0",
        "vid_md5": "",
        "vid_local": "-1"
    },
    {
        "codigo": "214",
        "evo_cod": "214-Curlmartillo",
        "vit_id": "0",
        "vit_vid_id": "0",
        "lang": "es",
        "title": "CURL MARTILLO",
        "text1": "",
        "text2": "",
        "cues": "18, 11, 1",
        "vimeo": "",
        "moves": "1",
        "skills": "1, 4",
        "targets": "12",
        "vid_align": "0.00",
        "vid_switch": "1",
        "maq": "0",
        "vid_md5": "",
        "vid_local": "-1"
    },
    {
        "codigo": "215",
        "evo_cod": "215-Curlfemoral",
        "vit_id": "0",
        "vit_vid_id": "0",
        "lang": "es",
        "title": "ISQUIOTIBIALES MÁQUINA",
        "text1": "",
        "text2": "",
        "cues": "23, 13, 2",
        "vimeo": "",
        "moves": "1",
        "skills": "1, 4",
        "targets": "14",
        "vid_align": "0.00",
        "vid_switch": "1",
        "maq": "0",
        "vid_md5": "",
        "vid_local": "-1"
    },
    {
        "codigo": "216",
        "evo_cod": "216-Eliptica",
        "vit_id": "0",
        "vit_vid_id": "0",
        "lang": "es",
        "title": "ELÍPTICA",
        "text1": "",
        "text2": "",
        "cues": "28, 5, 30",
        "vimeo": "",
        "moves": "7",
        "skills": "7",
        "targets": "15",
        "vid_align": "0.00",
        "vid_switch": "1",
        "maq": "0",
        "vid_md5": "",
        "vid_local": "-1"
    },
    {
        "codigo": "217",
        "evo_cod": "217-Extensioncadera",
        "vit_id": "0",
        "vit_vid_id": "0",
        "lang": "es",
        "title": "EXTENSIÓN CADERA",
        "text1": "",
        "text2": "",
        "cues": "11, 5, 33",
        "vimeo": "",
        "moves": "1",
        "skills": "1, 4",
        "targets": "9",
        "vid_align": "0.00",
        "vid_switch": "1",
        "maq": "0",
        "vid_md5": "",
        "vid_local": "-1"
    },
    {
        "codigo": "218",
        "evo_cod": "218-Fitballcrunch",
        "vit_id": "0",
        "vit_vid_id": "0",
        "lang": "es",
        "title": "FITBALL CRUNCH",
        "text1": "",
        "text2": "",
        "cues": "2, 23, 10",
        "vimeo": "",
        "moves": "1",
        "skills": "1, 4",
        "targets": "1",
        "vid_align": "0.00",
        "vid_switch": "-1",
        "maq": "0",
        "vid_md5": "",
        "vid_local": "-1"
    },
    {
        "codigo": "219",
        "evo_cod": "219-Fitballrollout",
        "vit_id": "0",
        "vit_vid_id": "0",
        "lang": "es",
        "title": "FITBALL ROLL OUT",
        "text1": "",
        "text2": "",
        "cues": "23, 5, 1",
        "vimeo": "",
        "moves": "1",
        "skills": "1, 4",
        "targets": "1",
        "vid_align": "0.00",
        "vid_switch": "1",
        "maq": "0",
        "vid_md5": "",
        "vid_local": "-1"
    },
    {
        "codigo": "220",
        "evo_cod": "220-Flexionpiernasuelo",
        "vit_id": "0",
        "vit_vid_id": "0",
        "lang": "es",
        "title": "LEG EXTENSION CRUNCH",
        "text1": "",
        "text2": "",
        "cues": "18, 23, 1",
        "vimeo": "",
        "moves": "1",
        "skills": "1, 4",
        "targets": "1",
        "vid_align": "0.00",
        "vid_switch": "-1",
        "maq": "0",
        "vid_md5": "",
        "vid_local": "-1"
    },
    {
        "codigo": "221",
        "evo_cod": "221-Pajaros",
        "vit_id": "0",
        "vit_vid_id": "0",
        "lang": "es",
        "title": "DUMBBELL BIRDS",
        "text1": "",
        "text2": "",
        "cues": "5, 20, 2",
        "vimeo": "",
        "moves": "1",
        "skills": "1, 4",
        "targets": "2",
        "vid_align": "0.00",
        "vid_switch": "1",
        "maq": "0",
        "vid_md5": "",
        "vid_local": "-1"
    },
    {
        "codigo": "222",
        "evo_cod": "222-Patadagluteo",
        "vit_id": "0",
        "vit_vid_id": "0",
        "lang": "es",
        "title": "GLUTE KICKBACK MACHINE",
        "text1": "",
        "text2": "",
        "cues": "5, 22, 25",
        "vimeo": "",
        "moves": "1",
        "skills": "1, 4",
        "targets": "9",
        "vid_align": "0.00",
        "vid_switch": "1",
        "maq": "0",
        "vid_md5": "",
        "vid_local": "-1"
    },
    {
        "codigo": "223",
        "evo_cod": "223-Pesomuerto",
        "vit_id": "0",
        "vit_vid_id": "0",
        "lang": "es",
        "title": "PESO MUERTO",
        "text1": "",
        "text2": "",
        "cues": "25, 11, 2",
        "vimeo": "",
        "moves": "1",
        "skills": "1, 4",
        "targets": "10",
        "vid_align": "0.00",
        "vid_switch": "1",
        "maq": "0",
        "vid_md5": "",
        "vid_local": "-1"
    },
    {
        "codigo": "224",
        "evo_cod": "224-Extensionderodilla",
        "vit_id": "0",
        "vit_vid_id": "0",
        "lang": "es",
        "title": "EXTENSIÓN DE CUADRICEPS MÁQUINA",
        "text1": "",
        "text2": "",
        "cues": "5, 13, 2",
        "vimeo": "",
        "moves": "1",
        "skills": "1, 4",
        "targets": "8",
        "vid_align": "0.00",
        "vid_switch": "1",
        "maq": "0",
        "vid_md5": "",
        "vid_local": "-1"
    },
    {
        "codigo": "225",
        "evo_cod": "225-Powerpivotsquat",
        "vit_id": "0",
        "vit_vid_id": "0",
        "lang": "es",
        "title": "POWER PIVOT SQUAT",
        "text1": "",
        "text2": "",
        "cues": "25, 5, 10",
        "vimeo": "",
        "moves": "1",
        "skills": "1, 4",
        "targets": "8",
        "vid_align": "0.00",
        "vid_switch": "1",
        "maq": "0",
        "vid_md5": "",
        "vid_local": "-1"
    },
    {
        "codigo": "226",
        "evo_cod": "226-Prensapiernas",
        "vit_id": "0",
        "vit_vid_id": "0",
        "lang": "es",
        "title": "PRENSA PIERNAS MÁQUINA",
        "text1": "",
        "text2": "",
        "cues": "5, 10, 2",
        "vimeo": "",
        "moves": "1",
        "skills": "1, 4",
        "targets": "8",
        "vid_align": "0.00",
        "vid_switch": "1",
        "maq": "0",
        "vid_md5": "",
        "vid_local": "-1"
    },
    {
        "codigo": "227",
        "evo_cod": "227-Pressinclinadomancuerna",
        "vit_id": "0",
        "vit_vid_id": "0",
        "lang": "es",
        "title": "PRESS MANCUERNAS INCLINADO",
        "text1": "",
        "text2": "",
        "cues": "17, 2, 23",
        "vimeo": "",
        "moves": "1",
        "skills": "1, 4",
        "targets": "6",
        "vid_align": "0.00",
        "vid_switch": "1",
        "maq": "0",
        "vid_md5": "",
        "vid_local": "-1"
    },
    {
        "codigo": "228",
        "evo_cod": "228-Pressmaquina",
        "vit_id": "0",
        "vit_vid_id": "0",
        "lang": "es",
        "title": "PRESS PECTORAL MÁQUINA",
        "text1": "",
        "text2": "",
        "cues": "17, 2, 23",
        "vimeo": "",
        "moves": "1",
        "skills": "1, 4",
        "targets": "6",
        "vid_align": "0.00",
        "vid_switch": "1",
        "maq": "0",
        "vid_md5": "",
        "vid_local": "-1"
    },
    {
        "codigo": "229",
        "evo_cod": "229-Pressmilitarmaquina",
        "vit_id": "0",
        "vit_vid_id": "0",
        "lang": "es",
        "title": "PRESS HOMBROS MÁQUINA",
        "text1": "",
        "text2": "",
        "cues": "5, 2, 13",
        "vimeo": "",
        "moves": "1",
        "skills": "1, 4",
        "targets": "2",
        "vid_align": "0.00",
        "vid_switch": "1",
        "maq": "0",
        "vid_md5": "",
        "vid_local": "-1"
    },
    {
        "codigo": "230",
        "evo_cod": "230-Pressplanomancuerna",
        "vit_id": "0",
        "vit_vid_id": "0",
        "lang": "es",
        "title": "PRESS MANCUERNAS",
        "text1": "",
        "text2": "",
        "cues": "5, 2, 13",
        "vimeo": "",
        "moves": "1",
        "skills": "1, 4",
        "targets": "6",
        "vid_align": "0.00",
        "vid_switch": "1",
        "maq": "0",
        "vid_md5": "",
        "vid_local": "-1"
    },
    {
        "codigo": "231",
        "evo_cod": "231-Pullover",
        "vit_id": "0",
        "vit_vid_id": "0",
        "lang": "es",
        "title": "PULL OVER",
        "text1": "",
        "text2": "",
        "cues": "5, 20, 2",
        "vimeo": "",
        "moves": "1",
        "skills": "1, 4",
        "targets": "6",
        "vid_align": "0.00",
        "vid_switch": "1",
        "maq": "0",
        "vid_md5": "",
        "vid_local": "-1"
    },
    {
        "codigo": "232",
        "evo_cod": "232-Recumbent",
        "vit_id": "0",
        "vit_vid_id": "0",
        "lang": "es",
        "title": "RECUMBENT BIKE",
        "text1": "",
        "text2": "",
        "cues": "16, 30, 1",
        "vimeo": "",
        "moves": "7",
        "skills": "7",
        "targets": "8",
        "vid_align": "0.00",
        "vid_switch": "1",
        "maq": "0",
        "vid_md5": "",
        "vid_local": "-1"
    },
    {
        "codigo": "233",
        "evo_cod": "233-Remoalpechomaquina",
        "vit_id": "0",
        "vit_vid_id": "0",
        "lang": "es",
        "title": "REMO AL PECHO MÁQUINA",
        "text1": "",
        "text2": "",
        "cues": "5, 11, 18",
        "vimeo": "",
        "moves": "1",
        "skills": "1, 4",
        "targets": "6",
        "vid_align": "0.00",
        "vid_switch": "1",
        "maq": "0",
        "vid_md5": "",
        "vid_local": "-1"
    },
    {
        "codigo": "234",
        "evo_cod": "234-Remoderodillaunamano",
        "vit_id": "0",
        "vit_vid_id": "0",
        "lang": "es",
        "title": "REMO RODILLAS UNA MANO",
        "text1": "",
        "text2": "",
        "cues": "5, 11, 18",
        "vimeo": "",
        "moves": "1",
        "skills": "1, 4",
        "targets": "16",
        "vid_align": "0.00",
        "vid_switch": "1",
        "maq": "0",
        "vid_md5": "",
        "vid_local": "-1"
    },
    {
        "codigo": "235",
        "evo_cod": "235-Subidasabanco",
        "vit_id": "0",
        "vit_vid_id": "0",
        "lang": "es",
        "title": "SUBIDAS A BANCO",
        "text1": "",
        "text2": "",
        "cues": "5, 30, 13",
        "vimeo": "",
        "moves": "7",
        "skills": "7",
        "targets": "8",
        "vid_align": "0.00",
        "vid_switch": "1",
        "maq": "0",
        "vid_md5": "",
        "vid_local": "-1"
    },
    {
        "codigo": "236",
        "evo_cod": "236-Tricepsmaquina",
        "vit_id": "0",
        "vit_vid_id": "0",
        "lang": "es",
        "title": "TRICEPS MÁQUINA",
        "text1": "",
        "text2": "",
        "cues": "18, 17, 1",
        "vimeo": "",
        "moves": "1",
        "skills": "1, 4",
        "targets": "7",
        "vid_align": "0.00",
        "vid_switch": "1",
        "maq": "0",
        "vid_md5": "",
        "vid_local": "-1"
    },
    {
        "codigo": "237",
        "evo_cod": "237-Trxlateralrollin",
        "vit_id": "0",
        "vit_vid_id": "0",
        "lang": "es",
        "title": "TRX LATERAL ROLL IN",
        "text1": "",
        "text2": "",
        "cues": "14, 23, 2",
        "vimeo": "",
        "moves": "1",
        "skills": "1, 4",
        "targets": "1",
        "vid_align": "0.00",
        "vid_switch": "1",
        "maq": "0",
        "vid_md5": "",
        "vid_local": "-1"
    },
    {
        "codigo": "238",
        "evo_cod": "238-Trxlunge",
        "vit_id": "0",
        "vit_vid_id": "0",
        "lang": "es",
        "title": "TRX LUNGE",
        "text1": "",
        "text2": "",
        "cues": "5, 13, 1",
        "vimeo": "",
        "moves": "9",
        "skills": "1, 6",
        "targets": "15",
        "vid_align": "0.00",
        "vid_switch": "1",
        "maq": "0",
        "vid_md5": "",
        "vid_local": "-1"
    },
    {
        "codigo": "239",
        "evo_cod": "239-Trxmountainclimber",
        "vit_id": "0",
        "vit_vid_id": "0",
        "lang": "es",
        "title": "TRX MOUNTAIN CLIMBER",
        "text1": "",
        "text2": "",
        "cues": "19, 5, 1",
        "vimeo": "",
        "moves": "2",
        "skills": "1, 2",
        "targets": "1, 15",
        "vid_align": "0.00",
        "vid_switch": "1",
        "maq": "0",
        "vid_md5": "",
        "vid_local": "-1"
    },
    {
        "codigo": "241",
        "evo_cod": "241-Trxsquat",
        "vit_id": "0",
        "vit_vid_id": "0",
        "lang": "es",
        "title": "TRX SQUAT",
        "text1": "",
        "text2": "",
        "cues": "5, 25, 2",
        "vimeo": "",
        "moves": "1",
        "skills": "1, 4",
        "targets": "8",
        "vid_align": "0.00",
        "vid_switch": "1",
        "maq": "0",
        "vid_md5": "",
        "vid_local": "-1"
    },
    {
        "codigo": "242",
        "evo_cod": "242-Tijerasmancuerna",
        "vit_id": "0",
        "vit_vid_id": "0",
        "lang": "es",
        "title": "LUNGE MANCUERNAS",
        "text1": "",
        "text2": "",
        "cues": "5, 13, 1",
        "vimeo": "",
        "moves": "9",
        "skills": "1, 4",
        "targets": "15",
        "vid_align": "0.00",
        "vid_switch": "1",
        "maq": "0",
        "vid_md5": "",
        "vid_local": "-1"
    },
    {
        "codigo": "243",
        "evo_cod": "243-Pliometriahorizontaldospiernas",
        "vit_id": "0",
        "vit_vid_id": "0",
        "lang": "es",
        "title": "PLIOMETRÍA HORIZONTAL DOS PIERNAS",
        "text1": "",
        "text2": "",
        "cues": "32, 5, 1",
        "vimeo": "",
        "moves": "7",
        "skills": "1, 6",
        "targets": "15",
        "vid_align": "0.00",
        "vid_switch": "1",
        "maq": "0",
        "vid_md5": "",
        "vid_local": "-1"
    },
    {
        "codigo": "244",
        "evo_cod": "244-Smithmachinesquat",
        "vit_id": "0",
        "vit_vid_id": "0",
        "lang": "es",
        "title": "SMITH MACHINE SQUAT",
        "text1": "",
        "text2": "",
        "cues": "25, 5, 1",
        "vimeo": "",
        "moves": "1",
        "skills": "1, 4",
        "targets": "8",
        "vid_align": "0.00",
        "vid_switch": "1",
        "maq": "0",
        "vid_md5": "",
        "vid_local": "-1"
    },
    {
        "codigo": "245",
        "evo_cod": "245-Trxskaterjump",
        "vit_id": "0",
        "vit_vid_id": "0",
        "lang": "es",
        "title": "TRX SKATER JUMP",
        "text1": "",
        "text2": "",
        "cues": "5, 11, 30",
        "vimeo": "",
        "moves": "1",
        "skills": "1, 4",
        "targets": "8",
        "vid_align": "0.00",
        "vid_switch": "1",
        "maq": "0",
        "vid_md5": "",
        "vid_local": "-1"
    },
    {
        "codigo": "246",
        "evo_cod": "246-Squat1pierna",
        "vit_id": "0",
        "vit_vid_id": "0",
        "lang": "es",
        "title": "SQUAT UNA PIERNA",
        "text1": "",
        "text2": "",
        "cues": "13, 5, 2",
        "vimeo": "",
        "moves": "1",
        "skills": "1, 4",
        "targets": "8",
        "vid_align": "0.00",
        "vid_switch": "1",
        "maq": "0",
        "vid_md5": "",
        "vid_local": "-1"
    },
    {
        "codigo": "247",
        "evo_cod": "247-sentadillapiernasabiertas",
        "vit_id": "0",
        "vit_vid_id": "0",
        "lang": "es",
        "title": "SUMO SQUAT",
        "text1": "Uno de los reyes del entrenamiento. Piernas y core activados al máximo",
        "text2": "",
        "cues": "5, 2, 13",
        "vimeo": "",
        "moves": "8",
        "skills": "1, 8",
        "targets": "8, 9, 14, 1",
        "vid_align": "0.00",
        "vid_switch": "-1",
        "maq": "0",
        "vid_md5": "",
        "vid_local": "-1"
    },
    {
        "codigo": "248",
        "evo_cod": "248-sentadillaconpeso",
        "vit_id": "0",
        "vit_vid_id": "0",
        "lang": "es",
        "title": "SQUAT CON BARRA",
        "text1": "Uno de los reyes del entrenamiento. Piernas y core activados al máximo",
        "text2": "",
        "cues": "5, 2, 13",
        "vimeo": "",
        "moves": "8",
        "skills": "1, 8",
        "targets": "8, 9, 14, 1",
        "vid_align": "0.00",
        "vid_switch": "-1",
        "maq": "0",
        "vid_md5": "",
        "vid_local": "-1"
    },
    {
        "codigo": "249",
        "evo_cod": "249-Remoalpechoagarreinverso",
        "vit_id": "0",
        "vit_vid_id": "0",
        "lang": "es",
        "title": "REMO AL PECHO AGARRE INVERSO",
        "text1": "",
        "text2": "",
        "cues": "5, 18, 2",
        "vimeo": "",
        "moves": "1",
        "skills": "1, 4",
        "targets": "6",
        "vid_align": "0.00",
        "vid_switch": "1",
        "maq": "0",
        "vid_md5": "",
        "vid_local": "-1"
    },
    {
        "codigo": "250",
        "evo_cod": "250-CurlMancuernas",
        "vit_id": "0",
        "vit_vid_id": "0",
        "lang": "es",
        "title": "CURL BICEPS MANCUERNAS",
        "text1": "",
        "text2": "",
        "cues": "18, 11, 1",
        "vimeo": "",
        "moves": "1",
        "skills": "1, 4",
        "targets": "12",
        "vid_align": "0.00",
        "vid_switch": "1",
        "maq": "0",
        "vid_md5": "",
        "vid_local": "-1"
    },
    {
        "codigo": "251",
        "evo_cod": "251-Remotumbadomancuernas",
        "vit_id": "0",
        "vit_vid_id": "0",
        "lang": "es",
        "title": "PLANK REMO MANCUERNAS",
        "text1": "",
        "text2": "",
        "cues": "10, 11, 5",
        "vimeo": "",
        "moves": "1",
        "skills": "1, 4",
        "targets": "16",
        "vid_align": "0.00",
        "vid_switch": "1",
        "maq": "0",
        "vid_md5": "",
        "vid_local": "-1"
    },
    {
        "codigo": "252",
        "evo_cod": "252-Remounamano",
        "vit_id": "0",
        "vit_vid_id": "0",
        "lang": "es",
        "title": "REMO POLEA 1 MANO",
        "text1": "",
        "text2": "",
        "cues": "16, 11, 1",
        "vimeo": "",
        "moves": "1",
        "skills": "1, 4",
        "targets": "16",
        "vid_align": "0.00",
        "vid_switch": "1",
        "maq": "0",
        "vid_md5": "",
        "vid_local": "-1"
    },
    {
        "codigo": "253",
        "evo_cod": "253-PressFrances",
        "vit_id": "0",
        "vit_vid_id": "0",
        "lang": "es",
        "title": "PRESS FRANCÉS",
        "text1": "",
        "text2": "",
        "cues": "5, 17, 2",
        "vimeo": "",
        "moves": "1",
        "skills": "1, 4",
        "targets": "7",
        "vid_align": "0.00",
        "vid_switch": "1",
        "maq": "0",
        "vid_md5": "",
        "vid_local": "-1"
    },
    {
        "codigo": "254",
        "evo_cod": "254-Trxrollin",
        "vit_id": "0",
        "vit_vid_id": "0",
        "lang": "es",
        "title": "TRX ROLL IN",
        "text1": "",
        "text2": "",
        "cues": "19, 23, 2",
        "vimeo": "",
        "moves": "1",
        "skills": "1, 4",
        "targets": "1",
        "vid_align": "0.00",
        "vid_switch": "1",
        "maq": "0",
        "vid_md5": "",
        "vid_local": "-1"
    },
    {
        "codigo": "999",
        "evo_cod": "V999",
        "vit_id": "0",
        "vit_vid_id": "0",
        "lang": "es",
        "title": "ESTIRAMIENTO GEMELOS",
        "text1": "Estiramiento de gemelo",
        "text2": "",
        "cues": "6,7,22",
        "vimeo": "",
        "moves": "4",
        "skills": "3, 4",
        "targets": "13",
        "vid_align": "0.00",
        "vid_switch": "1",
        "maq": "0",
        "vid_md5": "",
        "vid_local": "1"
    }
]