﻿[
    {
        "codigo": "30",
        "level": "0",
        "lang": "es",
        "title": "Activa y prepara tu cuerpo",
        "desc": "Actívate y aumenta la temperatura corporal",
        "time_total": "7",
        "time_run": 0,
        "time_rest": 0,
        "cycles": 0,
        "equips": "",
        "exers": "90,150,77,5,161,145"
    },
    {
        "codigo": "31",
        "level": "0",
        "lang": "es",
        "title": "Movilidad y flexibilidad",
        "desc": "Relaja los músculos y mejora la movilidad articular",
        "time_total": "8",
        "time_run": 0,
        "time_rest": 0,
        "cycles": 0,
        "equips": "",
        "exers": "11,61,84,173,36,63,59,74"
    },
    {
        "codigo": "32",
        "level": "1",
        "lang": "es",
        "title": "Entrenamiento funcional",
        "desc": "Entrena con movimientos que ejercitan varios músculos al tiempo",
        "time_total": "11",
        "time_run": 0,
        "time_rest": 0,
        "cycles": 0,
        "equips": "",
        "exers": "77,104,137,5,145,81,183"
    },
    {
        "codigo": "33",
        "level": "1",
        "lang": "es",
        "title": "Define tu zona superior",
        "desc": "Gana fuerza para tener brazos más fuertes y definidos",
        "time_total": "9",
        "time_run": 0,
        "time_rest": 0,
        "cycles": 0,
        "equips": "",
        "exers": "150,68,57,6,123,90"
    },
    {
        "codigo": "34",
        "level": "1",
        "lang": "es",
        "title": "Define tu zona inferior",
        "desc": "Aumenta la fuerza de los músculos de tus piernas",
        "time_total": "11",
        "time_run": 0,
        "time_rest": 0,
        "cycles": 0,
        "equips": "",
        "exers": "77,247,161,183,150,5,81"
    },
    {
        "codigo": "35",
        "level": "1",
        "lang": "es",
        "title": "Abdominales fuertes",
        "desc": "Ejercicios para tener músculos abdominales fuertes y estables",
        "time_total": "10",
        "time_run": 0,
        "time_rest": 0,
        "cycles": 0,
        "equips": "",
        "exers": "90,137,8,25,104,33"
    },
    {
        "codigo": "36",
        "level": "1",
        "lang": "es",
        "title": "Glúteo y piernas firmes",
        "desc": "Entrena de manera más específica los glúteos y las piernas",
        "time_total": "12",
        "time_run": 0,
        "time_rest": 0,
        "cycles": 0,
        "equips": "",
        "exers": "169,81,44,247,183,154"
    },
    {
        "codigo": "37",
        "level": "1",
        "lang": "es",
        "title": "Reduce medidas",
        "desc": "Aumenta la pérdida de grasa con más activación muscular y resistencia",
        "time_total": "14",
        "time_run": 0,
        "time_rest": 0,
        "cycles": 0,
        "equips": "",
        "exers": "169,90,235,77,150,247"
    },
    {
        "codigo": "38",
        "level": "1",
        "lang": "es",
        "title": "Cardio total",
        "desc": "Mejora tu resistencia cardiovascular y pulmonar",
        "time_total": "21",
        "time_run": 0,
        "time_rest": 0,
        "cycles": 0,
        "equips": "",
        "exers": "169,81,145,150,77"
    },
    {
        "codigo": "39",
        "level": "2",
        "lang": "es",
        "title": "Funcional total",
        "desc": "Un entrenamiento dinámico que fortalece los grandes grupos musculares",
        "time_total": "10",
        "time_run": 0,
        "time_rest": 0,
        "cycles": 0,
        "equips": "",
        "exers": "77,161,247,123,150,90,155"
    },
    {
        "codigo": "40",
        "level": "2",
        "lang": "es",
        "title": "Fortalece tu zona superior",
        "desc": "Ejercicios para tener brazos más fuertes",
        "time_total": "16",
        "time_run": 0,
        "time_rest": 0,
        "cycles": 0,
        "equips": "",
        "exers": "90,123,8,80,68,144,57,220"
    },
    {
        "codigo": "41",
        "level": "2",
        "lang": "es",
        "title": "Fortalece tu zona inferior",
        "desc": "Ejercicios para tener piernas  más fuertes",
        "time_total": "15",
        "time_run": 0,
        "time_rest": 0,
        "cycles": 0,
        "equips": "",
        "exers": "77,5,247,246,183,81,150,161"
    },
    {
        "codigo": "42",
        "level": "2",
        "lang": "es",
        "title": "Abdominal total",
        "desc": "Entrenamiento para aumentar la fuerza y definir los músculos abdominales",
        "time_total": "12",
        "time_run": 0,
        "time_rest": 0,
        "cycles": 0,
        "equips": "",
        "exers": "90,104,68,139,95,33,220"
    },
    {
        "codigo": "43",
        "level": "2",
        "lang": "es",
        "title": "Glúteos y piernas fuertes",
        "desc": "Entrenamiento específico para desafiar la fuerza de los glúteos y las piernas",
        "time_total": "17",
        "time_run": 0,
        "time_rest": 0,
        "cycles": 0,
        "equips": "",
        "exers": "169,5,139,183,246,247,81,161"
    },
    {
        "codigo": "44",
        "level": "2",
        "lang": "es",
        "title": "Reduce medidas",
        "desc": "Acelera tu metabolismo y aumenta el gasto calórico",
        "time_total": "17",
        "time_run": 0,
        "time_rest": 0,
        "cycles": 0,
        "equips": "",
        "exers": "150,27,5,145,90,220,150"
    },
    {
        "codigo": "45",
        "level": "2",
        "lang": "es",
        "title": "Cardio total",
        "desc": "Lleva tu corazón a otro nivel y aumenta la resistencia cardiovascular y pulmonar",
        "time_total": "20",
        "time_run": 0,
        "time_rest": 0,
        "cycles": 0,
        "equips": "",
        "exers": "169,77,27,155,161,44,150"
    },
    {
        "codigo": "46",
        "level": "3",
        "lang": "es",
        "title": "Potencia funcional",
        "desc": "Reta tu cuerpo con movimientos amplios que exigen fuerza y resistencia",
        "time_total": "16",
        "time_run": 0,
        "time_rest": 0,
        "cycles": 0,
        "equips": "",
        "exers": "150,90,161,155,80,44,80,27"
    },
    {
        "codigo": "47",
        "level": "3",
        "lang": "es",
        "title": "Entrena tu zona superior",
        "desc": "Ejercicios para fortalecer y ganar masa muscular en los brazos",
        "time_total": "18",
        "time_run": 0,
        "time_rest": 0,
        "cycles": 0,
        "equips": "",
        "exers": "90,123,8,57,220,68,80,95,33"
    },
    {
        "codigo": "48",
        "level": "3",
        "lang": "es",
        "title": "Entrena tu zona inferior",
        "desc": "Ejercicios para fortalecer y ganar masa muscular en las piernas",
        "time_total": "17",
        "time_run": 0,
        "time_rest": 0,
        "cycles": 0,
        "equips": "",
        "exers": "77,183,81,247,246,44,161"
    },
    {
        "codigo": "49",
        "level": "3",
        "lang": "es",
        "title": "Súper core",
        "desc": "Entrenamiento para tener un abdomen fuerte y definido",
        "time_total": "19",
        "time_run": 0,
        "time_rest": 0,
        "cycles": 0,
        "equips": "",
        "exers": "77,33,90,68,220,95,139,123,8"
    },
    {
        "codigo": "50",
        "level": "3",
        "lang": "es",
        "title": "Súper glúteos y piernas",
        "desc": "Entrena con toda tu fuerza para aumentar la masa muscular de los glúteos y las piernas",
        "time_total": "16",
        "time_run": 0,
        "time_rest": 0,
        "cycles": 0,
        "equips": "",
        "exers": "169,246,44,247,161,81,77"
    },
    {
        "codigo": "51",
        "level": "3",
        "lang": "es",
        "title": "Potencia total",
        "desc": "Fortalece y aumenta el porder de los principales músculos del cuerpo",
        "time_total": "20",
        "time_run": 0,
        "time_rest": 0,
        "cycles": 0,
        "equips": "",
        "exers": "27,77,5,44,123,80,90,161"
    },
    {
        "codigo": "52",
        "level": "3",
        "lang": "es",
        "title": "HIIT",
        "desc": "Desafía  tu corazón con intervalos de alta intensidad",
        "time_total": "9",
        "time_run": 0,
        "time_rest": 0,
        "cycles": 0,
        "equips": "",
        "exers": "27,161,44,155,145,90"
    },
    {
        "codigo": "53",
        "level": "3",
        "lang": "es",
        "title": "Fuerza y agilidad",
        "desc": "Eleva tu energía, muévete con velocidad y resiste más",
        "time_total": "11",
        "time_run": 0,
        "time_rest": 0,
        "cycles": 0,
        "equips": "",
        "exers": "150,183,81,90,154,169,243"
    },
    {
        "codigo": "54",
        "level": "4",
        "lang": "es",
        "title": "Cuida tus rodillas",
        "desc": "Entrena de manera saludable, fortaleciendo los músculos que  protegen las rodillas",
        "time_total": "9",
        "time_run": 0,
        "time_rest": 0,
        "cycles": 0,
        "equips": "",
        "exers": "226,235,139,223,217,5"
    },
    {
        "codigo": "55",
        "level": "4",
        "lang": "es",
        "title": "Protege tus hombros",
        "desc": "Ejercítate para tener hombros más estables, firmes y saludables",
        "time_total": "8",
        "time_run": 0,
        "time_rest": 0,
        "cycles": 0,
        "equips": "",
        "exers": "252,233,123,208,236,104"
    },
    {
        "codigo": "56",
        "level": "4",
        "lang": "es",
        "title": "Espalda sana",
        "desc": "Mejora la salud de tu espalda aumentando el control de la zona media del cuerpo",
        "time_total": "8",
        "time_run": 0,
        "time_rest": 0,
        "cycles": 0,
        "equips": "",
        "exers": "104,144,137,8,25,247"
    },
    {
        "codigo": "57",
        "level": "5",
        "lang": "es",
        "title": "Iniciación para seniors",
        "desc": "Entrenamiento de iniciación para Senior, destinado a mejorar aspectos musculares, esqueléticos y metabólicos",
        "time_total": "24",
        "time_run": 0,
        "time_rest": 0,
        "cycles": 0,
        "equips": "",
        "exers": "184,164,105,96,92,71,53,999,35,198,83"
    },
    {
        "codigo": "58",
        "level": "5",
        "lang": "es",
        "title": "Jóvenes veteranos",
        "desc": "Disminuye tu edad funcional con este entrenamiento en exterior",
        "time_total": "29",
        "time_run": 0,
        "time_rest": 0,
        "cycles": 0,
        "equips": "",
        "exers": "89,71,79,171,121,105,140,87"
    },
    {
        "codigo": "59",
        "level": "5",
        "lang": "es",
        "title": "Seniors avanzados",
        "desc": "Mejora tu fuerza y resistencia con este entrenamiento Senior con alta demanda metabólica",
        "time_total": "26",
        "time_run": 0,
        "time_rest": 0,
        "cycles": 0,
        "equips": "",
        "exers": "159,34,79,24,91,143,53,59,35,198,83"
    },
    {
        "codigo": "60",
        "level": "5",
        "lang": "es",
        "title": "Rejuvenecimiento activo",
        "desc": "Disminuye tu edad funcional con este entrenamiento avanzado de fuerza, resistencia y propiocepción",
        "time_total": "28",
        "time_run": 0,
        "time_rest": 0,
        "cycles": 0,
        "equips": "",
        "exers": "51,160,163,171,159,79,91,34,9,103,134"
    }
]
      
