[
    {
        "codigo": "1",
        "lang": "es",
        "title": "Respiración fluida y natural"
    },
    {
        "codigo": "2",
        "lang": "es",
        "title": "Exhala al subir"
    },
    {
        "codigo": "3",
        "lang": "es",
        "title": "Exhala activando los abdominales"
    },
    {
        "codigo": "4",
        "lang": "es",
        "title": "Forzar ligeramente la flexión al espirar"
    },
    {
        "codigo": "5",
        "lang": "es",
        "title": "Espalda firme y alineada"
    },
    {
        "codigo": "6",
        "lang": "es",
        "title": "Espalda relajada"
    },
    {
        "codigo": "7",
        "lang": "es",
        "title": "Cuerpo alineado"
    },
    {
        "codigo": "8",
        "lang": "es",
        "title": "Cuerpo horizontal"
    },
    {
        "codigo": "9",
        "lang": "es",
        "title": "Piernas relajadas"
    },
    {
        "codigo": "10",
        "lang": "es",
        "title": "Piernas separadas con anchura de hombros"
    },
    {
        "codigo": "11",
        "lang": "es",
        "title": "Core activado"
    },
    {
        "codigo": "12",
        "lang": "es",
        "title": "Cuerpo relajado"
    },
    {
        "codigo": "13",
        "lang": "es",
        "title": "Movimiento fluido y controlado"
    },
    {
        "codigo": "14",
        "lang": "es",
        "title": "Cadera alta"
    },
    {
        "codigo": "15",
        "lang": "es",
        "title": "Caderas alineadas"
    },
    {
        "codigo": "16",
        "lang": "es",
        "title": "Rodillas semiflexionadas"
    },
    {
        "codigo": "17",
        "lang": "es",
        "title": "Extensión completa de brazos"
    },
    {
        "codigo": "18",
        "lang": "es",
        "title": "Brazos junto al cuerpo"
    },
    {
        "codigo": "19",
        "lang": "es",
        "title": "Brazos rectos"
    },
    {
        "codigo": "20",
        "lang": "es",
        "title": "Codos semi flexionados"
    },
    {
        "codigo": "21",
        "lang": "es",
        "title": "Pie de atrás en punta"
    },
    {
        "codigo": "22",
        "lang": "es",
        "title": "Extensión de la rodilla de atrás"
    },
    {
        "codigo": "23",
        "lang": "es",
        "title": "Activa los abdominales"
    },
    {
        "codigo": "24",
        "lang": "es",
        "title": "Cuello relajado"
    },
    {
        "codigo": "25",
        "lang": "es",
        "title": "Contraer los gluteos"
    },
    {
        "codigo": "26",
        "lang": "es",
        "title": "Sube la pelvis activando glúteos"
    },
    {
        "codigo": "27",
        "lang": "es",
        "title": "Inicia caminando"
    },
    {
        "codigo": "28",
        "lang": "es",
        "title": "Realiza un esfuerzo bajo a moderado"
    },
    {
        "codigo": "29",
        "lang": "es",
        "title": "Aumenta progresivamente la velocidad"
    },
    {
        "codigo": "30",
        "lang": "es",
        "title": "Maneja tu propio ritmo"
    },
    {
        "codigo": "31",
        "lang": "es",
        "title": "Ojos cerrados"
    },
    {
        "codigo": "32",
        "lang": "es",
        "title": "Evita el apoyo de talón"
    },
    {
        "codigo": "33",
        "lang": "es",
        "title": "Rodillas extendidas o ligera flexión"
    },
    {
        "codigo": "34",
        "lang": "es",
        "title": "Tronco recto"
    },
    {
        "codigo": "35",
        "lang": "es",
        "title": "Realiza pasos cortos"
    },
    {
        "codigo": "36",
        "lang": "es",
        "title": "Reliaza una presión moderada"
    },
    {
        "codigo": "37",
        "lang": "es",
        "title": "Rotar cadera y espalda"
    },
    {
        "codigo": "38",
        "lang": "es",
        "title": "Empuja la cadera hacia adelante"
    },
    {
        "codigo": "39",
        "lang": "es",
        "title": "Sube la pelvis"
    },
    {
        "codigo": "40",
        "lang": "es",
        "title": "Apoyo firme de manos y brazos"
    },
    {
        "codigo": "41",
        "lang": "es",
        "title": "Activa la parte alta de la espalda"
    },
    {
        "codigo": "42",
        "lang": "es",
        "title": "Mantener rodillas paralelas"
    },
    {
        "codigo": "43",
        "lang": "es",
        "title": "No arquear zona lumbar"
    }
]