[
    {
        "codigo": "30",
        "level": "0",
        "lang": "en",
        "title": "Activate and warm up your body",
        "desc": "Activate and increase your body temperature",
        "time_total": "7",
        "time_run": 0,
        "time_rest": 0,
        "cycles": 0,
        "equips": "",
        "exers": "90,150,77,5,161,145"
    },
    {
        "codigo": "31",
        "level": "0",
        "lang": "en",
        "title": "Mobility & Flexibility",
        "desc": "Relax your muscles and improve your joint mobility",
        "time_total": "8",
        "time_run": 0,
        "time_rest": 0,
        "cycles": 0,
        "equips": "",
        "exers": "11,61,84,173,36,63,59,74"
    },
    {
        "codigo": "32",
        "level": "1",
        "lang": "en",
        "title": "Functional training",
        "desc": "Workout in a comprehensive way that demands several muscle groups working at the same time",
        "time_total": "11",
        "time_run": 0,
        "time_rest": 0,
        "cycles": 0,
        "equips": "",
        "exers": "77,104,137,5,145,81,183"
    },
    {
        "codigo": "33",
        "level": "1",
        "lang": "en",
        "title": "Tone up your upper body",
        "desc": "Get stronger and build up your arms and chest",
        "time_total": "9",
        "time_run": 0,
        "time_rest": 0,
        "cycles": 0,
        "equips": "",
        "exers": "150,68,57,6,123,90"
    },
    {
        "codigo": "34",
        "level": "1",
        "lang": "en",
        "title": "Tone up your lower body",
        "desc": "Get stronger and build up your legs and glutes",
        "time_total": "11",
        "time_run": 0,
        "time_rest": 0,
        "cycles": 0,
        "equips": "",
        "exers": "77,247,161,183,150,5,81"
    },
    {
        "codigo": "35",
        "level": "1",
        "lang": "en",
        "title": "Strong  Core",
        "desc": "A workout focusing on building stronger and stable Abs",
        "time_total": "10",
        "time_run": 0,
        "time_rest": 0,
        "cycles": 0,
        "equips": "",
        "exers": "90,137,8,25,104,33"
    },
    {
        "codigo": "36",
        "level": "1",
        "lang": "en",
        "title": "Tone up  legs & glutes",
        "desc": "Train your legs and glutes for extra power",
        "time_total": "12",
        "time_run": 0,
        "time_rest": 0,
        "cycles": 0,
        "equips": "",
        "exers": "169,81,44,247,183,154"
    },
    {
        "codigo": "37",
        "level": "1",
        "lang": "en",
        "title": "Slim down",
        "desc": "Increase fat burning through resistance and strength training",
        "time_total": "14",
        "time_run": 0,
        "time_rest": 0,
        "cycles": 0,
        "equips": "",
        "exers": "169,90,235,77,150,247"
    },
    {
        "codigo": "38",
        "level": "1",
        "lang": "en",
        "title": "Total cardio",
        "desc": "Improve your cardio and respiratory endurance",
        "time_total": "21",
        "time_run": 0,
        "time_rest": 0,
        "cycles": 0,
        "equips": "",
        "exers": "169,81,145,150,77"
    },
    {
        "codigo": "39",
        "level": "2",
        "lang": "en",
        "title": "Total functional",
        "desc": "A dynamic workout for stronger large muscle groups",
        "time_total": "10",
        "time_run": 0,
        "time_rest": 0,
        "cycles": 0,
        "equips": "",
        "exers": "77,161,247,123,150,90,155"
    },
    {
        "codigo": "40",
        "level": "2",
        "lang": "en",
        "title": "Strengthen your upper body",
        "desc": "Get stronger and build up your arms and chest",
        "time_total": "16",
        "time_run": 0,
        "time_rest": 0,
        "cycles": 0,
        "equips": "",
        "exers": "90,123,8,80,68,144,57,220"
    },
    {
        "codigo": "41",
        "level": "2",
        "lang": "en",
        "title": "Strengthen your lower body",
        "desc": "Get stronger and build up your legs and glutes",
        "time_total": "15",
        "time_run": 0,
        "time_rest": 0,
        "cycles": 0,
        "equips": "",
        "exers": "77,5,247,246,183,81,150,161"
    },
    {
        "codigo": "42",
        "level": "2",
        "lang": "en",
        "title": "Total Abs",
        "desc": "A workout focusing on getting stronger and well defined core muscles",
        "time_total": "12",
        "time_run": 0,
        "time_rest": 0,
        "cycles": 0,
        "equips": "",
        "exers": "90,104,68,139,95,33,220"
    },
    {
        "codigo": "43",
        "level": "2",
        "lang": "en",
        "title": "Strong Legs & Glutes",
        "desc": "Challenging workout for improving leg and glutes strength",
        "time_total": "17",
        "time_run": 0,
        "time_rest": 0,
        "cycles": 0,
        "equips": "",
        "exers": "169,5,139,183,246,247,81,161"
    },
    {
        "codigo": "44",
        "level": "2",
        "lang": "en",
        "title": "Slim down",
        "desc": "Speed up your metabolism and increase fat burning",
        "time_total": "17",
        "time_run": 0,
        "time_rest": 0,
        "cycles": 0,
        "equips": "",
        "exers": "150,27,5,145,90,220,150"
    },
    {
        "codigo": "45",
        "level": "2",
        "lang": "en",
        "title": "Total cardio",
        "desc": "Improve your cardio-respiratory endurance and bring your heart to the next level",
        "time_total": "20",
        "time_run": 0,
        "time_rest": 0,
        "cycles": 0,
        "equips": "",
        "exers": "169,77,27,155,161,44,150"
    },
    {
        "codigo": "46",
        "level": "3",
        "lang": "en",
        "title": "Functional Power",
        "desc": "Challenge your body with these movements for improving strength and endurance",
        "time_total": "16",
        "time_run": 0,
        "time_rest": 0,
        "cycles": 0,
        "equips": "",
        "exers": "150,90,161,155,80,44,80,27"
    },
    {
        "codigo": "47",
        "level": "3",
        "lang": "en",
        "title": "Train your upper body",
        "desc": "Get stronger and build up your arms and chest",
        "time_total": "18",
        "time_run": 0,
        "time_rest": 0,
        "cycles": 0,
        "equips": "",
        "exers": "90,123,8,57,220,68,80,95,33"
    },
    {
        "codigo": "48",
        "level": "3",
        "lang": "en",
        "title": "Train your lower body",
        "desc": "Leg exercises for building up strength and muscle mass ",
        "time_total": "17",
        "time_run": 0,
        "time_rest": 0,
        "cycles": 0,
        "equips": "",
        "exers": "77,183,81,247,246,44,161"
    },
    {
        "codigo": "49",
        "level": "3",
        "lang": "en",
        "title": "Super core",
        "desc": "A workout focusing on building stronger and stable Abs",
        "time_total": "19",
        "time_run": 0,
        "time_rest": 0,
        "cycles": 0,
        "equips": "",
        "exers": "77,33,90,68,220,95,139,123,8"
    },
    {
        "codigo": "50",
        "level": "3",
        "lang": "en",
        "title": "Super Legs & Glutes",
        "desc": "Get stronger and build up your legs and glutes",
        "time_total": "16",
        "time_run": 0,
        "time_rest": 0,
        "cycles": 0,
        "equips": "",
        "exers": "169,246,44,247,161,81,77"
    },
    {
        "codigo": "51",
        "level": "3",
        "lang": "en",
        "title": "Total Power",
        "desc": "Overall strength training. Get a more powerful and well defined body",
        "time_total": "20",
        "time_run": 0,
        "time_rest": 0,
        "cycles": 0,
        "equips": "",
        "exers": "27,77,5,44,123,80,90,161"
    },
    {
        "codigo": "52",
        "level": "3",
        "lang": "en",
        "title": "HIIT",
        "desc": "Challenge your heart with high intensity interval training",
        "time_total": "9",
        "time_run": 0,
        "time_rest": 0,
        "cycles": 0,
        "equips": "",
        "exers": "27,161,44,155,145,90"
    },
    {
        "codigo": "53",
        "level": "3",
        "lang": "en",
        "title": "Agility & Performance",
        "desc": "Raise your energy levels, your speed and endurance",
        "time_total": "11",
        "time_run": 0,
        "time_rest": 0,
        "cycles": 0,
        "equips": "",
        "exers": "150,183,81,90,154,169,243"
    },
    {
        "codigo": "54",
        "level": "4",
        "lang": "en",
        "title": "Take care of your knees",
        "desc": "Protect your knees, building stronger surrounding muscles. Health oriented training",
        "time_total": "9",
        "time_run": 0,
        "time_rest": 0,
        "cycles": 0,
        "equips": "",
        "exers": "226,235,139,223,217,5"
    },
    {
        "codigo": "55",
        "level": "4",
        "lang": "en",
        "title": "Protect your shoulders",
        "desc": "Protect your shoulders, gain stability with this health oriented workout",
        "time_total": "8",
        "time_run": 0,
        "time_rest": 0,
        "cycles": 0,
        "equips": "",
        "exers": "252,233,123,208,236,104"
    },
    {
        "codigo": "56",
        "level": "4",
        "lang": "en",
        "title": "Healthy back",
        "desc": "Improve the muscles of your back, for better posture and stability",
        "time_total": "8",
        "time_run": 0,
        "time_rest": 0,
        "cycles": 0,
        "equips": "",
        "exers": "104,144,137,8,25,247"
    },
    {
        "codigo": "57",
        "level": "5",
        "lang": "en",
        "title": "Initiation workout for Seniors",
        "desc": "Initiation workout for Seniors, targeting the improvement of muscular, skeletal and metabolic conditions",
        "time_total": "24",
        "time_run": 0,
        "time_rest": 0,
        "cycles": 0,
        "equips": "",
        "exers": "184,164,105,96,92,71,53,999,35,198,83"
    },
    {
        "codigo": "58",
        "level": "5",
        "lang": "en",
        "title": "Young veterans",
        "desc": "Lower your functional age with this outdoor workout",
        "time_total": "29",
        "time_run": 0,
        "time_rest": 0,
        "cycles": 0,
        "equips": "",
        "exers": "89,71,79,171,121,105,140,87"
    },
    {
        "codigo": "59",
        "level": "5",
        "lang": "en",
        "title": "Advanced Seniors",
        "desc": "Improve your strength and resistance with this workout for Seniors. High metabolic demand",
        "time_total": "29",
        "time_run": 0,
        "time_rest": 0,
        "cycles": 0,
        "equips": "",
        "exers": "159,34,79,24,91,143,53,59,35,198,83"
    },
    {
        "codigo": "60",
        "level": "5",
        "lang": "en",
        "title": "Active rejuvenation",
        "desc": "Lower your functional age with this advanced workout combining strength, resistance and kinesthesia",
        "time_total": "28",
        "time_run": 0,
        "time_rest": 0,
        "cycles": 0,
        "equips": "",
        "exers": "51,160,163,171,159,79,91,34,9,103,134"
    }
]
      
