[
    {
        "codigo": "1",
        "lang": "en",
        "title": "Breathe deeply and relaxed"
    },
    {
        "codigo": "2",
        "lang": "en",
        "title": "Exhale moving up"
    },
    {
        "codigo": "3",
        "lang": "en",
        "title": "Exhale activating your Abs"
    },
    {
        "codigo": "4",
        "lang": "en",
        "title": "Flex further when exhaling"
    },
    {
        "codigo": "5",
        "lang": "en",
        "title": "Keep your back aligned and tight"
    },
    {
        "codigo": "6",
        "lang": "en",
        "title": "Keep your back loose"
    },
    {
        "codigo": "7",
        "lang": "en",
        "title": "Keep your body aligned"
    },
    {
        "codigo": "8",
        "lang": "en",
        "title": "Keep your body parallel to the floor"
    },
    {
        "codigo": "9",
        "lang": "en",
        "title": "Keep your legs loose"
    },
    {
        "codigo": "10",
        "lang": "en",
        "title": "Keep legs shoulder width apart"
    },
    {
        "codigo": "11",
        "lang": "en",
        "title": "Activate your core"
    },
    {
        "codigo": "12",
        "lang": "en",
        "title": "Keep your body loose"
    },
    {
        "codigo": "13",
        "lang": "en",
        "title": "Smooth, controlled movement"
    },
    {
        "codigo": "14",
        "lang": "en",
        "title": "Keep hips high"
    },
    {
        "codigo": "15",
        "lang": "en",
        "title": "Keep hips aligned"
    },
    {
        "codigo": "16",
        "lang": "en",
        "title": "Keep knees semi-flexed"
    },
    {
        "codigo": "17",
        "lang": "en",
        "title": "Extensión completa de brazos"
    },
    {
        "codigo": "18",
        "lang": "en",
        "title": "Arms fully extended"
    },
    {
        "codigo": "19",
        "lang": "en",
        "title": "Keep arms straight"
    },
    {
        "codigo": "20",
        "lang": "en",
        "title": "Keep elbows semi-flexed"
    },
    {
        "codigo": "21",
        "lang": "en",
        "title": "Keep rear foot on the toes"
    },
    {
        "codigo": "22",
        "lang": "en",
        "title": "Keep rear knee fully extended"
    },
    {
        "codigo": "23",
        "lang": "en",
        "title": "Activate your Abs"
    },
    {
        "codigo": "24",
        "lang": "en",
        "title": "Keep your neck loose"
    },
    {
        "codigo": "25",
        "lang": "en",
        "title": "Activate your glutes"
    },
    {
        "codigo": "26",
        "lang": "en",
        "title": "Raise your hips & tighten your glutes"
    },
    {
        "codigo": "27",
        "lang": "en",
        "title": "Start walking"
    },
    {
        "codigo": "28",
        "lang": "en",
        "title": "Easy to moderate effort"
    },
    {
        "codigo": "29",
        "lang": "en",
        "title": "Increase speed progressively"
    },
    {
        "codigo": "30",
        "lang": "en",
        "title": "Select your own pace"
    },
    {
        "codigo": "31",
        "lang": "en",
        "title": "Eyes closed"
    },
    {
        "codigo": "32",
        "lang": "en",
        "title": "Strong feet support, bending knees"
    },
    {
        "codigo": "33",
        "lang": "en",
        "title": "Keep knees extended or semi-flexed"
    },
    {
        "codigo": "34",
        "lang": "en",
        "title": "Keep torso upright"
    },
    {
        "codigo": "35",
        "lang": "en",
        "title": "Take short steps"
    },
    {
        "codigo": "36",
        "lang": "en",
        "title": "Apply moderate pressure"
    },
    {
        "codigo": "37",
        "lang": "en",
        "title": "Rotate your back and hips"
    },
    {
        "codigo": "38",
        "lang": "en",
        "title": "Push hips forward"
    },
    {
        "codigo": "39",
        "lang": "en",
        "title": "Drive hips up"
    },
    {
        "codigo": "40",
        "lang": "en",
        "title": "Strong hand & arm support"
    },
    {
        "codigo": "41",
        "lang": "en",
        "title": "Push shoulder blades together"
    },
    {
        "codigo": "42",
        "lang": "en",
        "title": "Keep your knees parallel"
    },
    {
        "codigo": "43",
        "lang": "en",
        "title": "Push lower back to the floor"
    }
]