﻿[
    {
        "codigo": "5",
        "evo_cod": "V5",
        "vit_id": "0",
        "vit_vid_id": "0",
        "lang": "en",
        "title": "SQUAT",
        "text1": "One of the top, essential exercises. Legs and core taken to maximum activation",
        "text2": "",
        "cues": "10, 11, 5",
        "vimeo": "",
        "moves": "8",
        "skills": "1, 8",
        "targets": "8, 9, 14, 1",
        "vid_align": "0.00",
        "vid_switch": "-1",
        "maq": "0",
        "vid_md5": "",
        "vid_local": "-1"
    },
    {
        "codigo": "6",
        "evo_cod": "V6",
        "vit_id": "0",
        "vit_vid_id": "0",
        "lang": "en",
        "title": "ABDOMINAL BENCH CRUNCH",
        "text1": "Exhale as you go up. Activate the abs",
        "text2": "",
        "cues": "2, 23",
        "vimeo": "",
        "moves": "5, 2",
        "skills": "1",
        "targets": "1, 3",
        "vid_align": "0.00",
        "vid_switch": "-1",
        "maq": "0",
        "vid_md5": "",
        "vid_local": "-1"
    },
    {
        "codigo": "8",
        "evo_cod": "V8",
        "vit_id": "0",
        "vit_vid_id": "0",
        "lang": "en",
        "title": "Abdominal hollow",
        "text1": "Activate your transverse abs and protect your back with this controlled movement",
        "text2": "",
        "cues": "3, 6, 10",
        "vimeo": "",
        "moves": "2",
        "skills": "1",
        "targets": "1",
        "vid_align": "0.00",
        "vid_switch": "-1",
        "maq": "0",
        "vid_md5": "",
        "vid_local": "-1"
    },
    {
        "codigo": "9",
        "evo_cod": "V9",
        "vit_id": "0",
        "vit_vid_id": "0",
        "lang": "en",
        "title": "Abdominal contraction",
        "text1": "Activate that muscle as difficult to activate as the transverse one, with this simple exercise",
        "text2": "",
        "cues": "1, 9, 43",
        "vimeo": "",
        "moves": "2",
        "skills": "1, 2",
        "targets": "1",
        "vid_align": "0.00",
        "vid_switch": "-1",
        "maq": "0",
        "vid_md5": "",
        "vid_local": "1"
    },
    {
        "codigo": "11",
        "evo_cod": "V11",
        "vit_id": "0",
        "vit_vid_id": "0",
        "lang": "en",
        "title": "ADDUCTOR",
        "text1": "Stretching for the different adductor muscles",
        "text2": "",
        "cues": "1, 6, 9",
        "vimeo": "",
        "moves": "4",
        "skills": "3, 4",
        "targets": "4",
        "vid_align": "0.00",
        "vid_switch": "-1",
        "maq": "0",
        "vid_md5": "",
        "vid_local": "-1"
    },
    {
        "codigo": "24",
        "evo_cod": "V24",
        "vit_id": "0",
        "vit_vid_id": "0",
        "lang": "en",
        "title": "BIRD DOG",
        "text1": "Cross activation exercise and protector of vertebral health",
        "text2": "",
        "cues": "7, 15, 24",
        "vimeo": "",
        "moves": "2",
        "skills": "1, 2",
        "targets": "1, 11, 10",
        "vid_align": "0.00",
        "vid_switch": "-1",
        "maq": "0",
        "vid_md5": "",
        "vid_local": "1"
    },
    {
        "codigo": "25",
        "evo_cod": "V25",
        "vit_id": "0",
        "vit_vid_id": "0",
        "lang": "en",
        "title": "BIRD DOG",
        "text1": "Cross activation exercise focusing on your back and spine",
        "text2": "",
        "cues": "7, 15, 24",
        "vimeo": "",
        "moves": "2",
        "skills": "1, 2",
        "targets": "1, 10, 2",
        "vid_align": "0.00",
        "vid_switch": "1",
        "maq": "0",
        "vid_md5": "",
        "vid_local": "-1"
    },

    {
        "codigo": "27",
        "evo_cod": "V27",
        "vit_id": "0",
        "vit_vid_id": "0",
        "lang": "en",
        "title": "BURPEE",
        "text1": "A classic exercise for improving strength, coordination and endurance",
        "text2": "",
        "cues": "3, 40, 1",
        "vimeo": "",
        "moves": "1, 7, 8, 5",
        "skills": "8, 6, 7",
        "targets": "8, 9, 13, 14, 1, 2",
        "vid_align": "0.00",
        "vid_switch": "-1",
        "maq": "0",
        "vid_md5": "",
        "vid_local": "-1"
    },
    {
        "codigo": "33",
        "evo_cod": "V33",
        "vit_id": "0",
        "vit_vid_id": "0",
        "lang": "en",
        "title": "CRUNCH",
        "text1": "Classic abdominal congestion exercise",
        "text2": "",
        "cues": "2, 23, 9",
        "vimeo": "",
        "moves": "6, 2, 5",
        "skills": "1",
        "targets": "1",
        "vid_align": "0.00",
        "vid_switch": "-1",
        "maq": "0",
        "vid_md5": "",
        "vid_local": "-1"
    },
    {
        "codigo": "34",
        "evo_cod": "V34",
        "vit_id": "0",
        "vit_vid_id": "0",
        "lang": "en",
        "title": "CRUNCH 1 LEG",
        "text1": "This exercise will isolate your abdominal muscles very intensely",
        "text2": "",
        "cues": "2, 13, 23",
        "vimeo": "",
        "moves": "6, 2, 5",
        "skills": "1",
        "targets": "1",
        "vid_align": "0.00",
        "vid_switch": "-1",
        "maq": "0",
        "vid_md5": "",
        "vid_local": "1"
    },
    {
        "codigo": "35",
        "evo_cod": "V35",
        "vit_id": "0",
        "vit_vid_id": "0",
        "lang": "en",
        "title": "QUADS STRETCHING",
        "text1": "Quad stretching",
        "text2": "",
        "cues": "12, 7, 1",
        "vimeo": "",
        "moves": "4",
        "skills": "3, 4",
        "targets": "8",
        "vid_align": "0.00",
        "vid_switch": "1",
        "maq": "0",
        "vid_md5": "",
        "vid_local": "1"
    },
    {
        "codigo": "36",
        "evo_cod": "V36",
        "vit_id": "0",
        "vit_vid_id": "0",
        "lang": "en",
        "title": "QUADS STRETCHING",
        "text1": "Quad stretching",
        "text2": "",
        "cues": "12, 34, 1",
        "vimeo": "",
        "moves": "4",
        "skills": "3, 4",
        "targets": "8",
        "vid_align": "0.00",
        "vid_switch": "1",
        "maq": "0",
        "vid_md5": "",
        "vid_local": "-1"
    },
    {
        "codigo": "43",
        "evo_cod": "V43",
        "vit_id": "0",
        "vit_vid_id": "0",
        "lang": "en",
        "title": "PULL UPS SUPINE GRIP",
        "text1": "Highly effective exercise for your back and arm muscles. Less demanding version",
        "text2": "",
        "cues": "2, 17, 11",
        "vimeo": "",
        "moves": "6, 4",
        "skills": "1, 8",
        "targets": "11, 12",
        "vid_align": "0.00",
        "vid_switch": "-1",
        "maq": "0",
        "vid_md5": "",
        "vid_local": "-1"
    },
    {
        "codigo": "44",
        "evo_cod": "V44",
        "vit_id": "0",
        "vit_vid_id": "0",
        "lang": "en",
        "title": "DYNAMIC LUNGE",
        "text1": "A lunge version that requires higher muscle endurance",
        "text2": "",
        "cues": "5, 13, 1",
        "vimeo": "",
        "moves": "9",
        "skills": "1, 7",
        "targets": "8, 9, 13, 14",
        "vid_align": "0.00",
        "vid_switch": "-1",
        "maq": "0",
        "vid_md5": "",
        "vid_local": "-1"
    },
    {
        "codigo": "49",
        "evo_cod": "49-Elevacionlateralmancuernas",
        "vit_id": "0",
        "vit_vid_id": "0",
        "lang": "en",
        "title": "LATERAL DUMBBELL RAISE",
        "text1": "",
        "text2": "",
        "cues": "16, 20, 1",
        "vimeo": "",
        "moves": "1",
        "skills": "1, 4",
        "targets": "2",
        "vid_align": "0.00",
        "vid_switch": "-1",
        "maq": "0",
        "vid_md5": "",
        "vid_local": "-1"
    },
    {
        "codigo": "51",
        "evo_cod": "V51",
        "vit_id": "0",
        "vit_vid_id": "0",
        "lang": "en",
        "title": "SINGLE LEG STAND, STATIC, EYES CLOSED",
        "text1": "Exercise for improving balance and dynamic kinesthesia",
        "text2": "",
        "cues": "11, 31, 13",
        "vimeo": "",
        "moves": "2",
        "skills": "2",
        "targets": "1",
        "vid_align": "0.00",
        "vid_switch": "1",
        "maq": "0",
        "vid_md5": "",
        "vid_local": "1"
    },
    {
        "codigo": "53",
        "evo_cod": "V53",
        "vit_id": "0",
        "vit_vid_id": "0",
        "lang": "en",
        "title": "LEG AND NECK EXTENSION IN CHAIR",
        "text1": "Exercise aiming at opening up the sciatic muscle path",
        "text2": "",
        "cues": "1, 34, 13",
        "vimeo": "",
        "moves": "2",
        "skills": "3, 4",
        "targets": "10, 9, 14",
        "vid_align": "0.00",
        "vid_switch": "1",
        "maq": "0",
        "vid_md5": "",
        "vid_local": "1"
    },
    {
        "codigo": "57",
        "evo_cod": "57-Fondosinvertidos",
        "vit_id": "0",
        "vit_vid_id": "0",
        "lang": "en",
        "title": "Triceps bench press",
        "text1": "",
        "text2": "",
        "cues": "18, 11, 2",
        "vimeo": "",
        "moves": "1",
        "skills": "1, 4",
        "targets": "7",
        "vid_align": "0.00",
        "vid_switch": "-1",
        "maq": "0",
        "vid_md5": "",
        "vid_local": "-1"
    },
    {
        "codigo": "59",
        "evo_cod": "59-Estiramientopsoas",
        "vit_id": "0",
        "vit_vid_id": "0",
        "lang": "en",
        "title": "Psoas Stretch",
        "text1": "",
        "text2": "",
        "cues": "6, 1, 38",
        "vimeo": "",
        "moves": "2",
        "skills": "3",
        "targets": "15",
        "vid_align": "0.00",
        "vid_switch": "1",
        "maq": "0",
        "vid_md5": "",
        "vid_local": "-1"
    },
    {
        "codigo": "61",
        "evo_cod": "61-Estiramientogluteo",
        "vit_id": "0",
        "vit_vid_id": "0",
        "lang": "en",
        "title": "Glute Stretch",
        "text1": "",
        "text2": "",
        "cues": "6, 4, 1",
        "vimeo": "",
        "moves": "2",
        "skills": "3",
        "targets": "9",
        "vid_align": "0.00",
        "vid_switch": "1",
        "maq": "0",
        "vid_md5": "",
        "vid_local": "-1"
    },
    {
        "codigo": "63",
        "evo_cod": "63-Estiramientohombrodorsal",
        "vit_id": "0",
        "vit_vid_id": "0",
        "lang": "en",
        "title": "Shoulder - Back Stretch",
        "text1": "",
        "text2": "",
        "cues": "5, 12, 1",
        "vimeo": "",
        "moves": "4",
        "skills": "3, 4",
        "targets": "2",
        "vid_align": "0.00",
        "vid_switch": "1",
        "maq": "0",
        "vid_md5": "",
        "vid_local": "-1"
    },
    {
        "codigo": "68",
        "evo_cod": "V68",
        "vit_id": "0",
        "vit_vid_id": "0",
        "lang": "en",
        "title": "HOVER TO PLANK",
        "text1": "two exercises combined to activate your deep core",
        "text2": "",
        "cues": "5, 40, 11",
        "vimeo": "",
        "moves": "2, 1, 3",
        "skills": "1, 2",
        "targets": "1, 2",
        "vid_align": "0.00",
        "vid_switch": "1",
        "maq": "0",
        "vid_md5": "",
        "vid_local": "-1"
    },
    {
        "codigo": "71",
        "evo_cod": "V71",
        "vit_id": "0",
        "vit_vid_id": "0",
        "lang": "en",
        "title": "ISOMETRY ON WALL",
        "text1": "Challenge your legs with this unique exercise",
        "text2": "",
        "cues": "10, 11, 5",
        "vimeo": "",
        "moves": "8, 2",
        "skills": "1",
        "targets": "8, 1",
        "vid_align": "0.00",
        "vid_switch": "-1",
        "maq": "0",
        "vid_md5": "",
        "vid_local": "1"
    },
    {
        "codigo": "74",
        "evo_cod": "V74",
        "vit_id": "0",
        "vit_vid_id": "0",
        "lang": "en",
        "title": "HAMSTRING STRETCHING",
        "text1": "Exercise for stretching your hamstring muscles",
        "text2": "",
        "cues": "33, 6, 1",
        "vimeo": "",
        "moves": "4",
        "skills": "3, 4",
        "targets": "14",
        "vid_align": "0.00",
        "vid_switch": "1",
        "maq": "0",
        "vid_md5": "",
        "vid_local": "-1"
    },
    {
        "codigo": "77",
        "evo_cod": "V77",
        "vit_id": "0",
        "vit_vid_id": "0",
        "lang": "en",
        "title": "JUMPING JACKS",
        "text1": "A classic for improving strength and endurance ",
        "text2": "",
        "cues": "30, 29, 11",
        "vimeo": "",
        "moves": "7",
        "skills": "8, 7",
        "targets": "8, 9, 14, 13, 2, 1",
        "vid_align": "0.00",
        "vid_switch": "-1",
        "maq": "0",
        "vid_md5": "",
        "vid_local": "-1"
    },
    {
        "codigo": "79",
        "evo_cod": "V79",
        "vit_id": "0",
        "vit_vid_id": "0",
        "lang": "en",
        "title": "PUSH UP ON KNEES",
        "text1": "Easier version of the classic push ups",
        "text2": "",
        "cues": "11, 5, 18",
        "vimeo": "",
        "moves": "1",
        "skills": "1, 2",
        "targets": "6, 2, 7",
        "vid_align": "0.00",
        "vid_switch": "-1",
        "maq": "0",
        "vid_md5": "",
        "vid_local": "1"
    },
    {
        "codigo": "80",
        "evo_cod": "V80",
        "vit_id": "0",
        "vit_vid_id": "0",
        "lang": "en",
        "title": "Travelling push ups",
        "text1": "Combining locomotion and intense muscle activation",
        "text2": "",
        "cues": "5, 1, 13",
        "vimeo": "",
        "moves": "1, 2, 7",
        "skills": "1, 2",
        "targets": "1, 6, 2, 7",
        "vid_align": "0.00",
        "vid_switch": "-1",
        "maq": "0",
        "vid_md5": "",
        "vid_local": "-1"
    },
    {
        "codigo": "81",
        "evo_cod": "V81",
        "vit_id": "0",
        "vit_vid_id": "0",
       "lang": "en",
        "title": "LATERAL JUMPS",
        "text1": "Exercise focusing on building power for your legs",
        "text2": "",
        "cues": "5, 1, 32",
        "vimeo": "",
        "moves": "7",
        "skills": "8, 7, 6",
        "targets": "8, 9, 13, 14",
        "vid_align": "0.00",
        "vid_switch": "-1",
        "maq": "0",
        "vid_md5": "",
        "vid_local": "-1"
    },
    {
        "codigo": "83",
        "evo_cod": "V83",
        "vit_id": "0",
        "vit_vid_id": "0",
        "lang": "en",
        "title": "LOWER BACK STRETCHING",
        "text1": "Exercise for stretching the lower back muscles",
        "text2": "",
        "cues": "12, 1, 4",
        "vimeo": "",
        "moves": "4",
        "skills": "3, 4",
        "targets": "10",
        "vid_align": "0.00",
        "vid_switch": "-1",
        "maq": "0",
        "vid_md5": "",
        "vid_local": "1"
    },
    {
        "codigo": "84",
        "evo_cod": "V84",
        "vit_id": "0",
        "vit_vid_id": "0",
        "lang": "en",
        "title": "LOWER BACK STRETCHING",
        "text1": "Exercise for stretching the lower back muscles",
        "text2": "",
        "cues": "6, 1, 24",
        "vimeo": "",
        "moves": "4",
        "skills": "3, 4",
        "targets": "10",
        "vid_align": "0.00",
        "vid_switch": "-1",
        "maq": "0",
        "vid_md5": "",
        "vid_local": "-1"
    },
    {
        "codigo": "87",
        "evo_cod": "V87",
        "vit_id": "0",
        "vit_vid_id": "0",
        "lang": "en",
        "title": "HANDS UP STRETCH",
        "text1": "Generic stretch acting on your arms and upper section of your trunk",
        "text2": "",
        "cues": "19, 1, 7",
        "vimeo": "",
        "moves": "4",
        "skills": "3, 4",
        "targets": "12, 16",
        "vid_align": "0.00",
        "vid_switch": "-1",
        "maq": "0",
        "vid_md5": "",
        "vid_local": "1"
    },
    {
        "codigo": "89",
        "evo_cod": "V89",
        "vit_id": "0",
        "vit_vid_id": "0",
        "lang": "en",
        "title": "FORWARD WALKING",
        "text1": "One of the basic motor patterns of the human being",
        "text2": "",
        "cues": "14, 1, 30",
        "vimeo": "",
        "moves": "7",
        "skills": "7",
        "targets": "8, 9, 14, 13",
        "vid_align": "0.00",
        "vid_switch": "-1",
        "maq": "0",
        "vid_md5": "",
        "vid_local": "1"
    },
    {
        "codigo": "90",
        "evo_cod": "V90",
        "vit_id": "0",
        "vit_vid_id": "0",
        "lang": "en",
        "title": "MOUNTAIN CLIMBER",
        "text1": "Pretend you are hiking while working hard on your abs",
        "text2": "",
        "cues": "11, 5, 1",
        "vimeo": "",
        "moves": "1, 6, 2",
        "skills": "1, 2, 7",
        "targets": "1, 3",
        "vid_align": "0.00",
        "vid_switch": "-1",
        "maq": "0",
        "vid_md5": "",
        "vid_local": "-1"
    },
    {
        "codigo": "91",
        "evo_cod": "V91",
        "vit_id": "0",
        "vit_vid_id": "0",
        "lang": "en",
        "title": "MOUNTAIN CLIMBER",
        "text1": "Pretend you are hiking while working hard on your abs",
        "text2": "",
        "cues": "11, 5, 1",
        "vimeo": "",
        "moves": "6, 2, 5",
        "skills": "1, 2, 7",
        "targets": "1, 3",
        "vid_align": "0.00",
        "vid_switch": "-1",
        "maq": "0",
        "vid_md5": "",
        "vid_local": "1"
    },
    {
        "codigo": "92",
        "evo_cod": "V92",
        "vit_id": "0",
        "vit_vid_id": "0",
        "lang": "en",
        "title": "WALL MOUNTAIN CLIMBER",
        "text1": "Mountain Climber version adapted to beginners",
        "text2": "",
        "cues": "11, 5, 1",
        "vimeo": "",
        "moves": "6, 2",
        "skills": "1, 2, 7",
        "targets": "1, 3",
        "vid_align": "0.00",
        "vid_switch": "-1",
        "maq": "0",
        "vid_md5": "",
        "vid_local": "1"
    },
    {
        "codigo": "95",
        "evo_cod": "V95",
        "vit_id": "0",
        "vit_vid_id": "0",
        "lang": "en",
        "title": "CROSSED KNEE OBLIQUE",
        "text1": "Exercise focusing on your inner and outer Obliques",
        "text2": "",
        "cues": "23, 5, 2",
        "vimeo": "",
        "moves": "2, 5, 3",
        "skills": "1",
        "targets": "1, 3",
        "vid_align": "0.00",
        "vid_switch": "1",
        "maq": "0",
        "vid_md5": "",
        "vid_local": "-1"
    },
    {
        "codigo": "96",
        "evo_cod": "V96",
        "vit_id": "0",
        "vit_vid_id": "0",
        "lang": "en",
        "title": "DELTOID RAISE WITH BOTTLES",
        "text1": "Low intensity exercise for improving shoulder strength and stability",
        "text2": "",
        "cues": "11, 7, 16",
        "vimeo": "",
        "moves": "6",
        "skills": "1",
        "targets": "11, 2 ",
        "vid_align": "0.00",
        "vid_switch": "-1",
        "maq": "0",
        "vid_md5": "",
        "vid_local": "1"
    },
    {
        "codigo": "103",
        "evo_cod": "V103",
        "vit_id": "0",
        "vit_vid_id": "0",
        "lang": "en",
        "title": "FRONT BRIDGE",
        "text1": "A basic exercise for deep core activation",
        "text2": "",
        "cues": "11, 7, 25",
        "vimeo": "",
        "moves": "1, 2",
        "skills": "1, 2",
        "targets": "1 , 2",
        "vid_align": "0.00",
        "vid_switch": "-1",
        "maq": "0",
        "vid_md5": "",
        "vid_local": "1"
    },
    {
        "codigo": "104",
        "evo_cod": "V104",
        "vit_id": "0",
        "vit_vid_id": "0",
        "lang": "en",
        "title": "FRONT BRIDGE",
        "text1": "A basic exercise for deep core activation",
        "text2": "",
        "cues": "11, 5, 1",
        "vimeo": "",
        "moves": "1, 2",
        "skills": "1, 2",
        "targets": "1, 2",
        "vid_align": "0.00",
        "vid_switch": "-1",
        "maq": "0",
        "vid_md5": "",
        "vid_local": "-1"
    },
    {
        "codigo": "105",
        "evo_cod": "V105",
        "vit_id": "0",
        "vit_vid_id": "0",
        "lang": "en",
        "title": "PLANK ON WALL",
        "text1": "Plank version easier to perform",
        "text2": "",
        "cues": "11, 7, 25",
        "vimeo": "",
        "moves": "1, 2",
        "skills": "1, 2",
        "targets": "1, 2",
        "vid_align": "0.00",
        "vid_switch": "-1",
        "maq": "0",
        "vid_md5": "",
        "vid_local": "1"
    },

    {
        "codigo": "121",
        "evo_cod": "V121",
        "vit_id": "0",
        "vit_vid_id": "0",
        "lang": "en",
        "title": "PUSH PRESS",
        "text1": "Thruster variation, performed at a higher speed. All round movement",
        "text2": "",
        "cues": "M16, 10, 11",
        "vimeo": "",
        "moves": "1, 4",
        "skills": "1",
        "targets": "2, 7, 1, 8",
        "vid_align": "0.00",
        "vid_switch": "-1",
        "maq": "0",
        "vid_md5": "",
        "vid_local": "1"
    },
    {
        "codigo": "123",
        "evo_cod": "V123",
        "vit_id": "0",
        "vit_vid_id": "0",
        "lang": "en",
        "title": "PUSH UP HOLD",
        "text1": "Increase muscle activation with a version of classic \"push ups\"",
        "text2": "",
        "cues": "18, 5, 2",
        "vimeo": "",
        "moves": "2, 1",
        "skills": "1, 2",
        "targets": "6, 2, 7",
        "vid_align": "0.00",
        "vid_switch": "-1",
        "maq": "0",
        "vid_md5": "",
        "vid_local": "-1"
    },
    {
        "codigo": "134",
        "evo_cod": "V134",
        "vit_id": "0",
        "vit_vid_id": "0",
        "lang": "en",
        "title": "SCISSORS KICKS",
        "text1": "A classic exercise for developing core strength",
        "text2": "",
        "cues": "1, 23, 9",
        "vimeo": "",
        "moves": "6, 2",
        "skills": "1, 2",
        "targets": "1",
        "vid_align": "0.00",
        "vid_switch": "-1",
        "maq": "0",
        "vid_md5": "",
        "vid_local": "1"
    },
    {
        "codigo": "137",
        "evo_cod": "V137",
        "vit_id": "0",
        "vit_vid_id": "0",
        "lang": "en",
        "title": "SHOULDER BRIDGE",
        "text1": "Eercise focusing on strengthen your back and hip muscles",
        "text2": "",
        "cues": "18, 14, 1",
        "vimeo": "",
        "moves": "1, 2",
        "skills": "1, 2",
        "targets": "1, 14, 9",
        "vid_align": "0.00",
        "vid_switch": "-1",
        "maq": "0",
        "vid_md5": "",
        "vid_local": "-1"
    },
    {
        "codigo": "139",
        "evo_cod": "V139",
        "vit_id": "0",
        "vit_vid_id": "0",
        "lang": "en",
        "title": "SHOULDER BRIDGE ONE LEG",
        "text1": "A version of -Shoulder Bridge- that improves balance while toning up back and hip muscles",
        "text2": "",
        "cues": "18, 39, 1",
        "vimeo": "",
        "moves": "2",
        "skills": "1, 2",
        "targets": "1, 9, 10",
        "vid_align": "0.00",
        "vid_switch": "1",
        "maq": "0",
        "vid_md5": "",
        "vid_local": "-1"
    },
    {
        "codigo": "140",
        "evo_cod": "V140",
        "vit_id": "0",
        "vit_vid_id": "0",
        "lang": "en",
        "title": "SIDE PLANK ON WALL",
        "text1": "Side plank version, easier to perform",
        "text2": "",
        "cues": "11, 7, 1",
        "vimeo": "",
        "moves": "1, 3, 2",
        "skills": "1, 2",
        "targets": "1, 2",
        "vid_align": "0.00",
        "vid_switch": "1",
        "maq": "0",
        "vid_md5": "",
        "vid_local": "1"
    },
    {
        "codigo": "143",
        "evo_cod": "V143",
        "vit_id": "0",
        "vit_vid_id": "0",
        "lang": "en",
        "title": "SIDE PLANK ON KNEES",
        "text1": "A very effective exercise for activating the lateral anti-flexion muscles",
        "text2": "",
        "cues": "11, 14, 1",
        "vimeo": "",
        "moves": "1, 3, 2",
        "skills": "1, 2",
        "targets": "1, 2",
        "vid_align": "0.00",
        "vid_switch": "1",
        "maq": "0",
        "vid_md5": "",
        "vid_local": "1"
    },
    {
        "codigo": "144",
        "evo_cod": "V144",
        "vit_id": "0",
        "vit_vid_id": "0",
        "lang": "en",
        "title": "SIDE BRIDGE ON KNEES",
        "text1": "A very effective version for training your side anti-flexion muscles",
        "text2": "",
        "cues": "11, 14, 1",
        "vimeo": "",
        "moves": "1, 3, 2",
        "skills": "1, 2",
        "targets": "1, 2",
        "vid_align": "0.00",
        "vid_switch": "1",
        "maq": "0",
        "vid_md5": "",
        "vid_local": "-1"
    },
    {
        "codigo": "145",
        "evo_cod": "V145",
        "vit_id": "0",
        "vit_vid_id": "0",
        "lang": "en",
        "title": "SIDE TO SIDE SHUFFLE",
        "text1": "A great exercise for improving agility and power",
        "text2": "",
        "cues": "32, 30, 35",
        "vimeo": "",
        "moves": "7",
        "skills": "5, 7, 6",
        "targets": "8, 9, 13, 3, 14",
        "vid_align": "0.00",
        "vid_switch": "1",
        "maq": "0",
        "vid_md5": "",
        "vid_local": "-1"
    },
    {
        "codigo": "150",
        "evo_cod": "V150",
        "vit_id": "0",
        "vit_vid_id": "0",
        "lang": "en",
        "title": "SKIPPING",
        "text1": "Activate your legs and improve strength and endurance",
        "text2": "",
        "cues": "32, 29, 5",
        "vimeo": "",
        "moves": "7",
        "skills": "5, 7, 6",
        "targets": "8, 9, 13, 3, 14",
        "vid_align": "0.00",
        "vid_switch": "-1",
        "maq": "0",
        "vid_md5": "",
        "vid_local": "-1"
    },
    {
        "codigo": "154",
        "evo_cod": "V154",
        "vit_id": "0",
        "vit_vid_id": "0",
        "lang": "en",
        "title": "LATERAL SPRINT",
        "text1": "This exercise will improve your speed and agility",
        "text2": "",
        "cues": "35, 29, 1",
        "vimeo": "",
        "moves": "7",
        "skills": "5, 7, 6",
        "targets": "8, 9, 13, 3, 14",
        "vid_align": "0.00",
        "vid_switch": "1",
        "maq": "0",
        "vid_md5": "",
        "vid_local": "-1"
    },
    {
        "codigo": "155",
        "evo_cod": "V155",
        "vit_id": "0",
        "vit_vid_id": "0",
        "lang": "en",
        "title": "LATERAL SPRINT. FLOOR TOUCH",
        "text1": "This exercise will improve your speed and agility",
        "text2": "",
        "cues": "35, 29, 1",
        "vimeo": "",
        "moves": "7, 3, 9",
        "skills": "5, 7, 6,",
        "targets": "8, 9, 13, 3, 14",
        "vid_align": "0.00",
        "vid_switch": "1",
        "maq": "0",
        "vid_md5": "",
        "vid_local": "-1"
    },
    {
        "codigo": "159",
        "evo_cod": "V159",
        "vit_id": "0",
        "vit_vid_id": "0",
        "lang": "en",
        "title": "SQUAT",
        "text1": "Some call this exercise \"The King\". Build strength on your legs and core",
        "text2": "",
        "cues": "10, 11, 7",
        "vimeo": "",
        "moves": "8",
        "skills": "1, 2",
        "targets": "8, 9, 14, 1",
        "vid_align": "0.00",
        "vid_switch": "-1",
        "maq": "0",
        "vid_md5": "",
        "vid_local": "1"
    },
    {
        "codigo": "160",
        "evo_cod": "V160",
        "vit_id": "0",
        "vit_vid_id": "0",
        "lang": "en",
        "title": "SQUAT EYES CLOSED",
        "text1": "Exercise for improving balance and proprioception",
        "text2": "",
        "cues": "10, 11, 7",
        "vimeo": "",
        "moves": "8, 2",
        "skills": "1, 2",
        "targets": "8, 9, 14,17",
        "vid_align": "0.00",
        "vid_switch": "-1",
        "maq": "0",
        "vid_md5": "",
        "vid_local": "1"
    },
    {
        "codigo": "161",
        "evo_cod": "V161",
        "vit_id": "0",
        "vit_vid_id": "0",
        "lang": "en",
        "title": "SQUAT JUMP",
        "text1": "A squat version focusing on improving power",
        "text2": "",
        "cues": "30, 5, 13",
        "vimeo": "",
        "moves": "8, 7",
        "skills": "1, 8, 7",
        "targets": "8, 9, 13, 14",
        "vid_align": "0.00",
        "vid_switch": "-1",
        "maq": "0",
        "vid_md5": "",
        "vid_local": "-1"
    },
    {
        "codigo": "163",
        "evo_cod": "V163",
        "vit_id": "0",
        "vit_vid_id": "0",
        "lang": "en",
        "title": "SIDE SQUAT EYES CLOSED",
        "text1": "Exercise focusing on strength, balance and proprioception",
        "text2": "",
        "cues": "13, 11, 12",
        "vimeo": "",
        "moves": "8, 2",
        "skills": "1, 2",
        "targets": "8, 9, 14, 13, 1",
        "vid_align": "0.00",
        "vid_switch": "1",
        "maq": "0",
        "vid_md5": "",
        "vid_local": "1"
    },
    {
        "codigo": "164",
        "evo_cod": "V164",
        "vit_id": "0",
        "vit_vid_id": "0",
        "lang": "en",
        "title": "SQUAT ON CHAIR",
        "text1": "A less demanding version of the Squat",
        "text2": "",
        "cues": "10, 11, 42",
        "vimeo": "",
        "moves": "8, 5",
        "skills": "1",
        "targets": "8, 9, 14, 5, 1",
        "vid_align": "0.00",
        "vid_switch": "-1",
        "maq": "0",
        "vid_md5": "",
        "vid_local": "1"
    },
    {
        "codigo": "169",
        "evo_cod": "V169",
        "vit_id": "0",
        "vit_vid_id": "0",
        "lang": "en",
        "title": "BUTT KICKS",
        "text1": "Combined exercise for endurance and coordination",
        "text2": "",
        "cues": "32, 35, 1",
        "vimeo": "",
        "moves": "7",
        "skills": "5, 7",
        "targets": "14, 13",
        "vid_align": "0.00",
        "vid_switch": "-1",
        "maq": "0",
        "vid_md5": "",
        "vid_local": "-1"
    },
    {
        "codigo": "171",
        "evo_cod": "V171",
        "vit_id": "0",
        "vit_vid_id": "0",
        "lang": "en",
        "title": "THRUSTER",
        "text1": "This exercise involves almost every muscle in your body. Very complete",
        "text2": "",
        "cues": "10, 11, 5",
        "vimeo": "",
        "moves": "8, 1",
        "skills": "1, 2",
        "targets": "8, 9, 2, 7, 1",
        "vid_align": "0.00",
        "vid_switch": "-1",
        "maq": "0",
        "vid_md5": "",
        "vid_local": "1"
    },
    {
        "codigo": "173",
        "evo_cod": "173-Estiramientorotacioncadera",
        "vit_id": "0",
        "vit_vid_id": "0",
        "lang": "en",
        "title": "HIP TWIST STRETCHING",
        "text1": "Hip extensors and rotators stretching",
        "text2": "",
        "cues": "36, 37, 1",
        "vimeo": "",
        "moves": "4",
        "skills": "3, 4",
        "targets": "9, 10",
        "vid_align": "0.00",
        "vid_switch": "1",
        "maq": "0",
        "vid_md5": "",
        "vid_local": "-1"
    },
    {
        "codigo": "183",
        "evo_cod": "V183",
        "vit_id": "0",
        "vit_vid_id": "0",
        "lang": "en",
        "title": "WALKING LUNGE",
        "text1": "Dynamic exercise for legs, mainly quads and butt",
        "text2": "",
        "cues": "13, 5, 1",
        "vimeo": "",
        "moves": "7, 9",
        "skills": "1, 7",
        "targets": "8, 9 , 14",
        "vid_align": "0.00",
        "vid_switch": "-1",
        "maq": "0",
        "vid_md5": "",
        "vid_local": "-1"
    },
    {
        "codigo": "184",
        "evo_cod": "V184",
        "vit_id": "0",
        "vit_vid_id": "0",
        "lang": "en",
        "title": "PUSH UP ON WALL",
        "text1": "This exercise version for beginners involves your arms and chest muscles",
        "text2": "",
        "cues": "1, 7, 18",
        "vimeo": "",
        "moves": "1, 2",
        "skills": "1, 2",
        "targets": "6, 2, 7",
        "vid_align": "0.00",
        "vid_switch": "-1",
        "maq": "0",
        "vid_md5": "",
        "vid_local": "1"
    },
    {
        "codigo": "198",
        "evo_cod": "V198",
        "vit_id": "0",
        "vit_vid_id": "0",
        "lang": "en",
        "title": "HAMSTRING STRETCH",
        "text1": "Stretching for your hamstring muscles",
        "text2": "",
        "cues": "24, 33, 1",
        "vimeo": "",
        "moves": "4",
        "skills": "3, 4",
        "targets": "14",
        "vid_align": "0.00",
        "vid_switch": "1",
        "maq": "0",
        "vid_md5": "",
        "vid_local": "1"
    },
    {
        "codigo": "204",
        "evo_cod": "204-Abduccioncadera",
        "vit_id": "0",
        "vit_vid_id": "0",
        "lang": "en",
        "title": "HIP ABDUCTION MACHINE",
        "text1": "",
        "text2": "",
        "cues": "23, 1, 13",
        "vimeo": "",
        "moves": "1",
        "skills": "1, 4",
        "targets": "4",
        "vid_align": "0.00",
        "vid_switch": "1",
        "maq": "0",
        "vid_md5": "",
        "vid_local": "-1"
    },
    {
        "codigo": "205",
        "evo_cod": "205-Adduccioncadera",
        "vit_id": "0",
        "vit_vid_id": "0",
        "lang": "en",
        "title": "HIP ADDUCTION MACHINE",
        "text1": "",
        "text2": "",
        "cues": "23, 1, 13",
        "vimeo": "",
        "moves": "1",
        "skills": "1, 4",
        "targets": "1, 2",
        "vid_align": "0.00",
        "vid_switch": "1",
        "maq": "0",
        "vid_md5": "",
        "vid_local": "-1"
    },
    {
        "codigo": "206",
        "evo_cod": "206-Aperturas",
        "vit_id": "0",
        "vit_vid_id": "0",
        "lang": "en",
        "title": "DUMBBELL FLIES",
        "text1": "",
        "text2": "",
        "cues": "5, 20, 3",
        "vimeo": "",
        "moves": "1",
        "skills": "1, 4",
        "targets": "2, 6",
        "vid_align": "0.00",
        "vid_switch": "1",
        "maq": "0",
        "vid_md5": "",
        "vid_local": "-1"
    },
    {
        "codigo": "207",
        "evo_cod": "207-BatlingRope",
        "vit_id": "0",
        "vit_vid_id": "0",
        "lang": "en",
        "title": "BATLING ROPE",
        "text1": "",
        "text2": "",
        "cues": "16, 11, 1",
        "vimeo": "",
        "moves": "2",
        "skills": "1, 7",
        "targets": "10, 16",
        "vid_align": "0.00",
        "vid_switch": "1",
        "maq": "0",
        "vid_md5": "",
        "vid_local": "-1"
    },
    {
        "codigo": "208",
        "evo_cod": "208-Cablebiceps",
        "vit_id": "0",
        "vit_vid_id": "0",
        "lang": "en",
        "title": "CABLE BICEPS",
        "text1": "",
        "text2": "",
        "cues": "18, 7, 1",
        "vimeo": "",
        "moves": "1",
        "skills": "1",
        "targets": "12",
        "vid_align": "0.00",
        "vid_switch": "1",
        "maq": "0",
        "vid_md5": "",
        "vid_local": "-1"
    },
    {
        "codigo": "209",
        "evo_cod": "209-Cablelungeonearmpress",
        "vit_id": "0",
        "vit_vid_id": "0",
        "lang": "en",
        "title": "CABLE LUNGE + ONE ARM PRESS",
        "text1": "",
        "text2": "",
        "cues": "23, 21, 14",
        "vimeo": "",
        "moves": "1",
        "skills": "1, 4",
        "targets": "1, 6",
        "vid_align": "0.00",
        "vid_switch": "1",
        "maq": "0",
        "vid_md5": "",
        "vid_local": "-1"
    },
    {
        "codigo": "210",
        "evo_cod": "210-Cablelungeonearmpull",
        "vit_id": "0",
        "vit_vid_id": "0",
        "lang": "en",
        "title": "CABLE LUNGE + ONE ARM PULL ",
        "text1": "",
        "text2": "",
        "cues": "23, 21, 14",
        "vimeo": "",
        "moves": "1",
        "skills": "1, 4",
        "targets": "16",
        "vid_align": "0.00",
        "vid_switch": "1",
        "maq": "0",
        "vid_md5": "",
        "vid_local": "-1"
    },
    {
        "codigo": "211",
        "evo_cod": "211-Calfraise",
        "vit_id": "0",
        "vit_vid_id": "0",
        "lang": "en",
        "title": "CALF RAISE",
        "text1": "",
        "text2": "",
        "cues": "5, 12, 2",
        "vimeo": "",
        "moves": "1",
        "skills": "1, 4",
        "targets": "13, 17",
        "vid_align": "0.00",
        "vid_switch": "1",
        "maq": "0",
        "vid_md5": "",
        "vid_local": "-1"
    },
    {
        "codigo": "212",
        "evo_cod": "212-Carreraencinta",
        "vit_id": "0",
        "vit_vid_id": "0",
        "lang": "en",
        "title": "TREADMILL",
        "text1": "",
        "text2": "",
        "cues": "27, 29, 28",
        "vimeo": "",
        "moves": "7",
        "skills": "4, 7",
        "targets": "15",
        "vid_align": "0.00",
        "vid_switch": "1",
        "maq": "0",
        "vid_md5": "",
        "vid_local": "-1"
    },
    {
        "codigo": "213",
        "evo_cod": "213-Contractoramaquina",
        "vit_id": "0",
        "vit_vid_id": "0",
        "lang": "en",
        "title": "CHEST FLY MACHINE",
        "text1": "",
        "text2": "",
        "cues": "5, 20, 3",
        "vimeo": "",
        "moves": "1",
        "skills": "1, 4",
        "targets": "6",
        "vid_align": "0.00",
        "vid_switch": "1",
        "maq": "0",
        "vid_md5": "",
        "vid_local": "-1"
    },
    {
        "codigo": "214",
        "evo_cod": "214-Curlmartillo",
        "vit_id": "0",
        "vit_vid_id": "0",
        "lang": "en",
        "title": "HAMMER CURL",
        "text1": "",
        "text2": "",
        "cues": "18, 11, 1",
        "vimeo": "",
        "moves": "1",
        "skills": "1, 4",
        "targets": "12",
        "vid_align": "0.00",
        "vid_switch": "1",
        "maq": "0",
        "vid_md5": "",
        "vid_local": "-1"
    },
    {
        "codigo": "215",
        "evo_cod": "215-Curlfemoral",
        "vit_id": "0",
        "vit_vid_id": "0",
        "lang": "en",
        "title": "HAMSTRING CURL",
        "text1": "",
        "text2": "",
        "cues": "23, 13, 2",
        "vimeo": "",
        "moves": "1",
        "skills": "1, 4",
        "targets": "14",
        "vid_align": "0.00",
        "vid_switch": "1",
        "maq": "0",
        "vid_md5": "",
        "vid_local": "-1"
    },
    {
        "codigo": "216",
        "evo_cod": "216-Eliptica",
        "vit_id": "0",
        "vit_vid_id": "0",
        "lang": "en",
        "title": "ELIPTIC",
        "text1": "",
        "text2": "",
        "cues": "28, 5, 30",
        "vimeo": "",
        "moves": "7",
        "skills": "7",
        "targets": "15",
        "vid_align": "0.00",
        "vid_switch": "1",
        "maq": "0",
        "vid_md5": "",
        "vid_local": "-1"
    },
    {
        "codigo": "217",
        "evo_cod": "217-Extensioncadera",
        "vit_id": "0",
        "vit_vid_id": "0",
        "lang": "en",
        "title": "HIP EXTENSION",
        "text1": "",
        "text2": "",
        "cues": "11, 5, 33",
        "vimeo": "",
        "moves": "1",
        "skills": "1, 4",
        "targets": "9",
        "vid_align": "0.00",
        "vid_switch": "1",
        "maq": "0",
        "vid_md5": "",
        "vid_local": "-1"
    },
    {
        "codigo": "218",
        "evo_cod": "218-Fitballcrunch",
        "vit_id": "0",
        "vit_vid_id": "0",
        "lang": "en",
        "title": "FITBALL CRUNCH",
        "text1": "",
        "text2": "",
        "cues": "2, 23, 10",
        "vimeo": "",
        "moves": "1",
        "skills": "1, 4",
        "targets": "1",
        "vid_align": "0.00",
        "vid_switch": "-1",
        "maq": "0",
        "vid_md5": "",
        "vid_local": "-1"
    },
    {
        "codigo": "219",
        "evo_cod": "219-Fitballrollout",
        "vit_id": "0",
        "vit_vid_id": "0",
        "lang": "en",
        "title": "FITBALL ROLL OUT",
        "text1": "",
        "text2": "",
        "cues": "23, 5, 1",
        "vimeo": "",
        "moves": "1",
        "skills": "1, 4",
        "targets": "1",
        "vid_align": "0.00",
        "vid_switch": "1",
        "maq": "0",
        "vid_md5": "",
        "vid_local": "-1"
    },
    {
        "codigo": "220",
        "evo_cod": "220-Flexionpiernasuelo",
        "vit_id": "0",
        "vit_vid_id": "0",
        "lang": "en",
        "title": "LEG EXTENSION CRUNCH",
        "text1": "",
        "text2": "",
        "cues": "18, 23, 1",
        "vimeo": "",
        "moves": "1",
        "skills": "1, 4",
        "targets": "1",
        "vid_align": "0.00",
        "vid_switch": "-1",
        "maq": "0",
        "vid_md5": "",
        "vid_local": "-1"
    },
    {
        "codigo": "221",
        "evo_cod": "221-Pajaros",
        "vit_id": "0",
        "vit_vid_id": "0",
        "lang": "en",
        "title": "DUMBBELL BIRDS",
        "text1": "",
        "text2": "",
        "cues": "5, 20, 2",
        "vimeo": "",
        "moves": "1",
        "skills": "1, 4",
        "targets": "2",
        "vid_align": "0.00",
        "vid_switch": "1",
        "maq": "0",
        "vid_md5": "",
        "vid_local": "-1"
    },
    {
        "codigo": "222",
        "evo_cod": "222-Patadagluteo",
        "vit_id": "0",
        "vit_vid_id": "0",
        "lang": "en",
        "title": "GLUTE KICKBACK MACHINE",
        "text1": "",
        "text2": "",
        "cues": "5, 22, 25",
        "vimeo": "",
        "moves": "1",
        "skills": "1, 4",
        "targets": "9",
        "vid_align": "0.00",
        "vid_switch": "1",
        "maq": "0",
        "vid_md5": "",
        "vid_local": "-1"
    },
    {
        "codigo": "223",
        "evo_cod": "223-Pesomuerto",
        "vit_id": "0",
        "vit_vid_id": "0",
        "lang": "en",
        "title": "DEADLIFT",
        "text1": "",
        "text2": "",
        "cues": "25, 11, 2",
        "vimeo": "",
        "moves": "1",
        "skills": "1, 4",
        "targets": "10",
        "vid_align": "0.00",
        "vid_switch": "1",
        "maq": "0",
        "vid_md5": "",
        "vid_local": "-1"
    },
    {
        "codigo": "224",
        "evo_cod": "224-Extensionderodilla",
        "vit_id": "0",
        "vit_vid_id": "0",
        "lang": "en",
        "title": "LEG EXTENSION",
        "text1": "",
        "text2": "",
        "cues": "5, 13, 2",
        "vimeo": "",
        "moves": "1",
        "skills": "1, 4",
        "targets": "8",
        "vid_align": "0.00",
        "vid_switch": "1",
        "maq": "0",
        "vid_md5": "",
        "vid_local": "-1"
    },
    {
        "codigo": "225",
        "evo_cod": "225-Powerpivotsquat",
        "vit_id": "0",
        "vit_vid_id": "0",
        "lang": "en",
        "title": "POWER PIVOT SQUAT",
        "text1": "",
        "text2": "",
        "cues": "25, 5, 10",
        "vimeo": "",
        "moves": "1",
        "skills": "1, 4",
        "targets": "8",
        "vid_align": "0.00",
        "vid_switch": "1",
        "maq": "0",
        "vid_md5": "",
        "vid_local": "-1"
    },
    {
        "codigo": "226",
        "evo_cod": "226-Prensapiernas",
        "vit_id": "0",
        "vit_vid_id": "0",
        "lang": "en",
        "title": "LEG PRESS",
        "text1": "",
        "text2": "",
        "cues": "5, 10, 2",
        "vimeo": "",
        "moves": "1",
        "skills": "1, 4",
        "targets": "8",
        "vid_align": "0.00",
        "vid_switch": "1",
        "maq": "0",
        "vid_md5": "",
        "vid_local": "-1"
    },
    {
        "codigo": "227",
        "evo_cod": "227-Pressinclinadomancuerna",
        "vit_id": "0",
        "vit_vid_id": "0",
        "lang": "en",
        "title": "INCLINE DUNMBBELL BENCH PRESS",
        "text1": "",
        "text2": "",
        "cues": "17, 2, 23",
        "vimeo": "",
        "moves": "1",
        "skills": "1, 4",
        "targets": "6",
        "vid_align": "0.00",
        "vid_switch": "1",
        "maq": "0",
        "vid_md5": "",
        "vid_local": "-1"
    },
    {
        "codigo": "228",
        "evo_cod": "228-Pressmaquina",
        "vit_id": "0",
        "vit_vid_id": "0",
        "lang": "en",
        "title": "BENCH PRESS",
        "text1": "",
        "text2": "",
        "cues": "17, 2, 23",
        "vimeo": "",
        "moves": "1",
        "skills": "1, 4",
        "targets": "6",
        "vid_align": "0.00",
        "vid_switch": "1",
        "maq": "0",
        "vid_md5": "",
        "vid_local": "-1"
    },
    {
        "codigo": "229",
        "evo_cod": "229-Pressmilitarmaquina",
        "vit_id": "0",
        "vit_vid_id": "0",
        "lang": "en",
        "title": "MILITARY PRESS MACHINE",
        "text1": "",
        "text2": "",
        "cues": "5, 2, 13",
        "vimeo": "",
        "moves": "1",
        "skills": "1, 4",
        "targets": "2",
        "vid_align": "0.00",
        "vid_switch": "1",
        "maq": "0",
        "vid_md5": "",
        "vid_local": "-1"
    },
    {
        "codigo": "230",
        "evo_cod": "230-Pressplanomancuerna",
        "vit_id": "0",
        "vit_vid_id": "0",
        "lang": "en",
        "title": "DUMBBELL BENCH PRESS",
        "text1": "",
        "text2": "",
        "cues": "5, 2, 13",
        "vimeo": "",
        "moves": "1",
        "skills": "1, 4",
        "targets": "6",
        "vid_align": "0.00",
        "vid_switch": "1",
        "maq": "0",
        "vid_md5": "",
        "vid_local": "-1"
    },
    {
        "codigo": "231",
        "evo_cod": "231-Pullover",
        "vit_id": "0",
        "vit_vid_id": "0",
        "lang": "en",
        "title": "PULL OVER",
        "text1": "",
        "text2": "",
        "cues": "5, 20, 2",
        "vimeo": "",
        "moves": "1",
        "skills": "1, 4",
        "targets": "6",
        "vid_align": "0.00",
        "vid_switch": "1",
        "maq": "0",
        "vid_md5": "",
        "vid_local": "-1"
    },
    {
        "codigo": "232",
        "evo_cod": "232-Recumbent",
        "vit_id": "0",
        "vit_vid_id": "0",
        "lang": "en",
        "title": "RECUMBENT BIKE",
        "text1": "",
        "text2": "",
        "cues": "16, 30, 1",
        "vimeo": "",
        "moves": "7",
        "skills": "7",
        "targets": "8",
        "vid_align": "0.00",
        "vid_switch": "1",
        "maq": "0",
        "vid_md5": "",
        "vid_local": "-1"
    },
    {
        "codigo": "233",
        "evo_cod": "233-Remoalpechomaquina",
        "vit_id": "0",
        "vit_vid_id": "0",
        "lang": "en",
        "title": "LOW ROW MACHINE",
        "text1": "",
        "text2": "",
        "cues": "5, 11, 18",
        "vimeo": "",
        "moves": "1",
        "skills": "1, 4",
        "targets": "6",
        "vid_align": "0.00",
        "vid_switch": "1",
        "maq": "0",
        "vid_md5": "",
        "vid_local": "-1"
    },
    {
        "codigo": "234",
        "evo_cod": "234-Remoderodillaunamano",
        "vit_id": "0",
        "vit_vid_id": "0",
        "lang": "en",
        "title": "DUMBBELL ONE ARM ROW",
        "text1": "",
        "text2": "",
        "cues": "5, 11, 18",
        "vimeo": "",
        "moves": "1",
        "skills": "1, 4",
        "targets": "16",
        "vid_align": "0.00",
        "vid_switch": "1",
        "maq": "0",
        "vid_md5": "",
        "vid_local": "-1"
    },
    {
        "codigo": "235",
        "evo_cod": "235-Subidasabanco",
        "vit_id": "0",
        "vit_vid_id": "0",
        "lang": "en",
        "title": "STEP UP",
        "text1": "",
        "text2": "",
        "cues": "5, 30, 13",
        "vimeo": "",
        "moves": "7",
        "skills": "7",
        "targets": "8",
        "vid_align": "0.00",
        "vid_switch": "1",
        "maq": "0",
        "vid_md5": "",
        "vid_local": "-1"
    },
    {
        "codigo": "236",
        "evo_cod": "236-Tricepsmaquina",
        "vit_id": "0",
        "vit_vid_id": "0",
        "lang": "en",
        "title": "TRICEPS MACHINE",
        "text1": "",
        "text2": "",
        "cues": "18, 17, 1",
        "vimeo": "",
        "moves": "1",
        "skills": "1, 4",
        "targets": "7",
        "vid_align": "0.00",
        "vid_switch": "1",
        "maq": "0",
        "vid_md5": "",
        "vid_local": "-1"
    },
    {
        "codigo": "237",
        "evo_cod": "237-Trxlateralrollin",
        "vit_id": "0",
        "vit_vid_id": "0",
        "lang": "en",
        "title": "TRX LATERAL ROLL IN",
        "text1": "",
        "text2": "",
        "cues": "14, 23, 2",
        "vimeo": "",
        "moves": "1",
        "skills": "1, 4",
        "targets": "1",
        "vid_align": "0.00",
        "vid_switch": "1",
        "maq": "0",
        "vid_md5": "",
        "vid_local": "-1"
    },
    {
        "codigo": "238",
        "evo_cod": "238-Trxlunge",
        "vit_id": "0",
        "vit_vid_id": "0",
        "lang": "en",
        "title": "TRX LUNGE",
        "text1": "",
        "text2": "",
        "cues": "5, 13, 1",
        "vimeo": "",
        "moves": "9",
        "skills": "1, 6",
        "targets": "15",
        "vid_align": "0.00",
        "vid_switch": "1",
        "maq": "0",
        "vid_md5": "",
        "vid_local": "-1"
    },
    {
        "codigo": "239",
        "evo_cod": "239-Trxmountainclimber",
        "vit_id": "0",
        "vit_vid_id": "0",
        "lang": "en",
        "title": "TRX MOUNTAIN CLIMBER",
        "text1": "",
        "text2": "",
        "cues": "19, 5, 1",
        "vimeo": "",
        "moves": "2",
        "skills": "1, 2",
        "targets": "1, 15",
        "vid_align": "0.00",
        "vid_switch": "1",
        "maq": "0",
        "vid_md5": "",
        "vid_local": "-1"
    },
    {
        "codigo": "241",
        "evo_cod": "241-Trxsquat",
        "vit_id": "0",
        "vit_vid_id": "0",
        "lang": "en",
        "title": "TRX SQUAT",
        "text1": "",
        "text2": "",
        "cues": "5, 25, 2",
        "vimeo": "",
        "moves": "1",
        "skills": "1, 4",
        "targets": "8",
        "vid_align": "0.00",
        "vid_switch": "1",
        "maq": "0",
        "vid_md5": "",
        "vid_local": "-1"
    },
    {
        "codigo": "242",
        "evo_cod": "242-Tijerasmancuerna",
        "vit_id": "0",
        "vit_vid_id": "0",
        "lang": "en",
        "title": "DUMBBELL LUNCHES",
        "text1": "",
        "text2": "",
        "cues": "5, 13, 1",
        "vimeo": "",
        "moves": "9",
        "skills": "1, 4",
        "targets": "15",
        "vid_align": "0.00",
        "vid_switch": "1",
        "maq": "0",
        "vid_md5": "",
        "vid_local": "-1"
    },
    {
        "codigo": "243",
        "evo_cod": "243-Pliometriahorizontaldospiernas",
        "vit_id": "0",
        "vit_vid_id": "0",
        "lang": "en",
        "title": "DOUBLE LEG HORIZONTAL PLYO",
        "text1": "",
        "text2": "",
        "cues": "32, 5, 1",
        "vimeo": "",
        "moves": "7",
        "skills": "1, 6",
        "targets": "15",
        "vid_align": "0.00",
        "vid_switch": "1",
        "maq": "0",
        "vid_md5": "",
        "vid_local": "-1"
    },
    {
        "codigo": "244",
        "evo_cod": "244-Smithmachinesquat",
        "vit_id": "0",
        "vit_vid_id": "0",
        "lang": "en",
        "title": "SMITH MACHINE SQUAT",
        "text1": "",
        "text2": "",
        "cues": "25, 5, 1",
        "vimeo": "",
        "moves": "1",
        "skills": "1, 4",
        "targets": "8",
        "vid_align": "0.00",
        "vid_switch": "1",
        "maq": "0",
        "vid_md5": "",
        "vid_local": "-1"
    },
    {
        "codigo": "245",
        "evo_cod": "245-Trxskaterjump",
        "vit_id": "0",
        "vit_vid_id": "0",
        "lang": "en",
        "title": "TRX SKATER JUMP",
        "text1": "",
        "text2": "",
        "cues": "5, 11, 30",
        "vimeo": "",
        "moves": "1",
        "skills": "1, 4",
        "targets": "8",
        "vid_align": "0.00",
        "vid_switch": "1",
        "maq": "0",
        "vid_md5": "",
        "vid_local": "-1"
    },
    {
        "codigo": "246",
        "evo_cod": "246-Squat1pierna",
        "vit_id": "0",
        "vit_vid_id": "0",
        "lang": "en",
        "title": "SINGLE LEG SQUAT",
        "text1": "",
        "text2": "",
        "cues": "13, 5, 2",
        "vimeo": "",
        "moves": "1",
        "skills": "1, 4",
        "targets": "8",
        "vid_align": "0.00",
        "vid_switch": "1",
        "maq": "0",
        "vid_md5": "",
        "vid_local": "-1"
    },
    {
        "codigo": "247",
        "evo_cod": "247-sentadillapiernasabiertas",
        "vit_id": "0",
        "vit_vid_id": "0",
        "lang": "en",
        "title": "SUMO SQUAT",
        "text1": "An exercise that is mandatory for all athletes. Legs and core fully activated",
        "text2": "",
        "cues": "5, 2, 13",
        "vimeo": "",
        "moves": "8",
        "skills": "1, 8",
        "targets": "8, 9, 14, 1",
        "vid_align": "0.00",
        "vid_switch": "-1",
        "maq": "0",
        "vid_md5": "",
        "vid_local": "-1"
    },
    {
        "codigo": "248",
        "evo_cod": "248-sentadillaconpeso",
        "vit_id": "0",
        "vit_vid_id": "0",
        "lang": "en",
        "title": "LOADED SQUAT",
        "text1": "A top notch exercise. Legs and core fully activated",
        "text2": "",
        "cues": "5, 2, 13",
        "vimeo": "",
        "moves": "8",
        "skills": "1, 8",
        "targets": "8, 9, 14, 1",
        "vid_align": "0.00",
        "vid_switch": "-1",
        "maq": "0",
        "vid_md5": "",
        "vid_local": "-1"
    },
    {
        "codigo": "249",
        "evo_cod": "249-Remoalpechoagarreinverso",
        "vit_id": "0",
        "vit_vid_id": "0",
        "lang": "en",
        "title": "BAR ROW REVERSE GRIP",
        "text1": "",
        "text2": "",
        "cues": "5, 18, 2",
        "vimeo": "",
        "moves": "1",
        "skills": "1, 4",
        "targets": "6",
        "vid_align": "0.00",
        "vid_switch": "1",
        "maq": "0",
        "vid_md5": "",
        "vid_local": "-1"
    },
    {
        "codigo": "250",
        "evo_cod": "250-CurlMancuernas",
        "vit_id": "0",
        "vit_vid_id": "0",
        "lang": "en",
        "title": "DUMBBELL CURL",
        "text1": "",
        "text2": "",
        "cues": "18, 11, 1",
        "vimeo": "",
        "moves": "1",
        "skills": "1, 4",
        "targets": "12",
        "vid_align": "0.00",
        "vid_switch": "1",
        "maq": "0",
        "vid_md5": "",
        "vid_local": "-1"
    },
    {
        "codigo": "251",
        "evo_cod": "251-Remotumbadomancuernas",
        "vit_id": "0",
        "vit_vid_id": "0",
        "lang": "en",
        "title": "DUMBBELL ROW",
        "text1": "",
        "text2": "",
        "cues": "10, 11, 5",
        "vimeo": "",
        "moves": "1",
        "skills": "1, 4",
        "targets": "16",
        "vid_align": "0.00",
        "vid_switch": "1",
        "maq": "0",
        "vid_md5": "",
        "vid_local": "-1"
    },
    {
        "codigo": "252",
        "evo_cod": "252-Remounamano",
        "vit_id": "0",
        "vit_vid_id": "0",
        "lang": "en",
        "title": "SINGLE ARM ROW",
        "text1": "",
        "text2": "",
        "cues": "16, 11, 1",
        "vimeo": "",
        "moves": "1",
        "skills": "1, 4",
        "targets": "16",
        "vid_align": "0.00",
        "vid_switch": "1",
        "maq": "0",
        "vid_md5": "",
        "vid_local": "-1"
    },
    {
        "codigo": "253",
        "evo_cod": "253-PressFrances",
        "vit_id": "0",
        "vit_vid_id": "0",
        "lang": "en",
        "title": "FRENCH PRESS",
        "text1": "",
        "text2": "",
        "cues": "5, 17, 2",
        "vimeo": "",
        "moves": "1",
        "skills": "1, 4",
        "targets": "7",
        "vid_align": "0.00",
        "vid_switch": "1",
        "maq": "0",
        "vid_md5": "",
        "vid_local": "-1"
    },
    {
        "codigo": "254",
        "evo_cod": "254-Trxrollin",
        "vit_id": "0",
        "vit_vid_id": "0",
        "lang": "en",
        "title": "TRX ROLL IN",
        "text1": "",
        "text2": "",
        "cues": "19, 23, 2",
        "vimeo": "",
        "moves": "1",
        "skills": "1, 4",
        "targets": "1",
        "vid_align": "0.00",
        "vid_switch": "1",
        "maq": "0",
        "vid_md5": "",
        "vid_local": "-1"
    },
    {
        "codigo": "999",
        "evo_cod": "V999",
        "vit_id": "0",
        "vit_vid_id": "0",
        "lang": "en",
        "title": "CALF STRETCH",
        "text1": "Calf Stretch",
        "text2": "",
        "cues": "6,7,22",
        "vimeo": "",
        "moves": "4",
        "skills": "3, 4",
        "targets": "13",
        "vid_align": "0.00",
        "vid_switch": "1",
        "maq": "0",
        "vid_md5": "",
        "vid_local": "1"
    }
]