{"pathologies":[{"id":1,"nombre":"Arterial hypertension","slug":"hta","orden":8,"restringida":false},{"id":2,"nombre":"Osteoporosis","slug":"osteoporosis","orden":3,"restringida":false},{"id":3,"nombre":"Diabetes type II","slug":"diabetestipoII","orden":5,"restringida":false},{"id":4,"nombre":"Obesity","slug":"obesidad","orden":1,"restringida":false},{"id":5,"nombre":"Cholesterol and or triglyceride excess","slug":"dislipemias","orden":4,"restringida":false},{"id":6,"nombre":"Back pain","slug":"dolordeespalda","orden":2,"restringida":false},{"id":8,"nombre":"Metabolic syndrome (Resistance to insulin + HTA + dyslipidaemia) ","slug":"sindromemetabolico","orden":6,"restringida":false},{"id":9,"nombre":"Chronic obstructive pulmonary disease","slug":"epoc","orden":7,"restringida":false},{"id":10,"nombre":"Multiple sclerosis","slug":"esclerosismultiple","orden":9,"restringida":false},{"id":11,"nombre":"Fibromyalgia","slug":"fibromialgia","orden":10,"restringida":false}]}
