[
  {
    "codigo": "0",
    "lang": "pt",
    "title": "Aquecimento/ Arrefecimento",
    "type": "0",
    "pond": "0.50"
  },
  {
    "codigo": "1",
    "lang": "pt",
    "title": "Iniciante",
    "type": "0",
    "pond": "0.80"
  },
  {
    "codigo": "2",
    "lang": "pt",
    "title": "Intermédio",
    "type": "0",
    "pond": "0.90"
  },
  {
    "codigo": "3",
    "lang": "pt",
    "title": "Avançado",
    "type": "0",
    "pond": "1.00"
  },
  {
    "codigo": "4",
    "lang": "pt",
    "title": "Saudável",
    "type": "0",
    "pond": "0.8"
  },
    {
    "codigo": "5",
    "lang": "pt",
    "title": "Sénior",
    "type": "0",
    "pond": "0.8"
  }
]