﻿[
    {
        "codigo": "30",
        "level": "0",
        "lang": "pt",
        "title": "Ative e aqueça o seu corpo",
        "desc": "Ative e aumente a sua temperatura corporal",
        "time_total": "7",
        "time_run": 0,
        "time_rest": 0,
        "cycles": 0,
        "equips": "",
        "exers": "90,150,77,5,161,145"
    },
    {
        "codigo": "31",
        "level": "0",
        "lang": "pt",
        "title": "Mobilidade e Flexibilidade",
        "desc": "Relaxar os músculos e melhorar a sua mobilidade articulações",
        "time_total": "8",
        "time_run": 0,
        "time_rest": 0,
        "cycles": 0,
        "equips": "",
        "exers": "11,61,84,173,36,63,59,74"
    },
    {
        "codigo": "32",
        "level": "1",
        "lang": "pt",
        "title": "Treino Funcional",
        "desc": "Treine de uma forma abrangente, que exija vários grupos musculares trabalhando ao mesmo tempo",
        "time_total": "11",
        "time_run": 0,
        "time_rest": 0,
        "cycles": 0,
        "equips": "",
        "exers": "77,104,137,5,145,81,183"
    },
    {
        "codigo": "33",
        "level": "1",
        "lang": "pt",
        "title": "Tonifique a parte superior do seu corpo",
        "desc": "Fique mais forte e fortaleça seus braços e peito",
        "time_total": "9",
        "time_run": 0,
        "time_rest": 0,
        "cycles": 0,
        "equips": "",
        "exers": "150,68,57,6,123,90"
    },
    {
        "codigo": "34",
        "level": "1",
        "lang": "pt",
        "title": "Tonifique a parte inferior do seu corpo",
        "desc": "Fique mais forte e defina suas pernas e glúteos",
        "time_total": "11",
        "time_run": 0,
        "time_rest": 0,
        "cycles": 0,
        "equips": "",
        "exers": "77,247,161,183,150,5,81"
    },
    {
        "codigo": "35",
        "level": "1",
        "lang": "pt",
        "title": "Fortalecer o core",
        "desc": "Um treino para obter abdominais mais fortes e estáveis",
        "time_total": "10",
        "time_run": 0,
        "time_rest": 0,
        "cycles": 0,
        "equips": "",
        "exers": "90,137,8,25,104,33"
    },
    {
        "codigo": "36",
        "level": "1",
        "lang": "pt",
        "title": "Pernas e glúteos tonificados",
        "desc": "Treino específico para as suas pernas e glúteos",
        "time_total": "12",
        "time_run": 0,
        "time_rest": 0,
        "cycles": 0,
        "equips": "",
        "exers": "169,81,44,247,183,154"
    },
    {
        "codigo": "37",
        "level": "1",
        "lang": "pt",
        "title": "Emagrecer",
        "desc": "Aumentar a gordura queimada por meio de treino de resistência e força",
        "time_total": "14",
        "time_run": 0,
        "time_rest": 0,
        "cycles": 0,
        "equips": "",
        "exers": "169,90,235,77,150,247"
    },
    {
        "codigo": "38",
        "level": "1",
        "lang": "pt",
        "title": "Total cardio",
        "desc": "Melhore a sua resistência cardiovascular e respiratória",
        "time_total": "21",
        "time_run": 0,
        "time_rest": 0,
        "cycles": 0,
        "equips": "",
        "exers": "169,81,145,150,77"
    },
    {
        "codigo": "39",
        "level": "2",
        "lang": "pt",
        "title": "Total Funcional",
        "desc": "Treino dinâmico para fortalecer os músculos",
        "time_total": "10",
        "time_run": 0,
        "time_rest": 0,
        "cycles": 0,
        "equips": "",
        "exers": "77,161,247,123,150,90,155"
    },
    {
        "codigo": "40",
        "level": "2",
        "lang": "pt",
        "title": "Fortaleça a parte superior do seu corpo",
        "desc": "Fique mais forte, fortalecendo os seus braços e peito",
        "time_total": "16",
        "time_run": 0,
        "time_rest": 0,
        "cycles": 0,
        "equips": "",
        "exers": "90,123,8,80,68,144,57,220"
    },
    {
        "codigo": "41",
        "level": "2",
        "lang": "pt",
        "title": "Fortaleça a parte inferior do seu corpo",
        "desc": "Fique mais forte, definindo as suas pernas e glúteos",
        "time_total": "15",
        "time_run": 0,
        "time_rest": 0,
        "cycles": 0,
        "equips": "",
        "exers": "77,5,247,246,183,81,150,161"
    },
    {
        "codigo": "42",
        "level": "2",
        "lang": "pt",
        "title": "Total Abdominais",
        "desc": "Um treino com foco em tornar os músculos core mais fortes e mais definidos",
        "time_total": "12",
        "time_run": 0,
        "time_rest": 0,
        "cycles": 0,
        "equips": "",
        "exers": "90,104,68,139,95,33,220"
    },
    {
        "codigo": "43",
        "level": "2",
        "lang": "pt",
        "title": "Pernas e glúteos fortalecidos",
        "desc": "Treino desafiante para melhorar a força das pernas e glúteos",
        "time_total": "17",
        "time_run": 0,
        "time_rest": 0,
        "cycles": 0,
        "equips": "",
        "exers": "169,5,139,183,246,247,81,161"
    },
    {
        "codigo": "44",
        "level": "2",
        "lang": "pt",
        "title": "Emagrecer",
        "desc": "Acelere o seu metabolismo, aumente a gordura queimada",
        "time_total": "17",
        "time_run": 0,
        "time_rest": 0,
        "cycles": 0,
        "equips": "",
        "exers": "150,27,5,145,90,220,150"
    },
    {
        "codigo": "45",
        "level": "2",
        "lang": "pt",
        "title": "Total Cardio",
        "desc": "Melhore sua resistência cardiorrespiratória, leve o seu coração até ao próximo nível",
        "time_total": "20",
        "time_run": 0,
        "time_rest": 0,
        "cycles": 0,
        "equips": "",
        "exers": "169,77,27,155,161,44,150"
    },
    {
        "codigo": "46",
        "level": "3",
        "lang": "pt",
        "title": "Poder Funcional",
        "desc": "Desafie seu corpo com esses movimentos para melhorar a força e a resistência",
        "time_total": "16",
        "time_run": 0,
        "time_rest": 0,
        "cycles": 0,
        "equips": "",
        "exers": "150,90,161,155,80,44,80,27"
    },
    {
        "codigo": "47",
        "level": "3",
        "lang": "pt",
        "title": "Treine a parte superior do seu corpo",
        "desc": "Fique mais forte,fortaleça os seus braços e peito",
        "time_total": "18",
        "time_run": 0,
        "time_rest": 0,
        "cycles": 0,
        "equips": "",
        "exers": "90,123,8,57,220,68,80,95,33"
    },
    {
        "codigo": "48",
        "level": "3",
        "lang": "pt",
        "title": "Treine a parte inferior do seu corpo",
        "desc": "Exercícios de pernas para aumentar a força e a massa muscular",
        "time_total": "17",
        "time_run": 0,
        "time_rest": 0,
        "cycles": 0,
        "equips": "",
        "exers": "77,183,81,247,246,44,161"
    },
    {
        "codigo": "49",
        "level": "3",
        "lang": "pt",
        "title": "Super Core",
        "desc": "Um treino com foco na definição de abdominais mais fortes e estáveis",
        "time_total": "19",
        "time_run": 0,
        "time_rest": 0,
        "cycles": 0,
        "equips": "",
        "exers": "77,33,90,68,220,95,139,123,8"
    },
    {
        "codigo": "50",
        "level": "3",
        "lang": "pt",
        "title": "Super Pernas e Glúteos",
        "desc": "Fique mais forte e defina as suas pernas e glúteos",
        "time_total": "16",
        "time_run": 0,
        "time_rest": 0,
        "cycles": 0,
        "equips": "",
        "exers": "169,246,44,247,161,81,77"
    },
    {
        "codigo": "51",
        "level": "3",
        "lang": "pt",
        "title": "Força total",
        "desc": "Treino de força geral. Obtenha um corpo mais poderoso e bem definido",
        "time_total": "20",
        "time_run": 0,
        "time_rest": 0,
        "cycles": 0,
        "equips": "",
        "exers": "27,77,5,44,123,80,90,161"
    },
    {
        "codigo": "52",
        "level": "3",
        "lang": "pt",
        "title": "HIIT",
        "desc": "Desafie o seu coração com um treino de alta intensidade",
        "time_total": "9",
        "time_run": 0,
        "time_rest": 0,
        "cycles": 0,
        "equips": "",
        "exers": "27,161,44,155,145,90"
    },
    {
        "codigo": "53",
        "level": "3",
        "lang": "pt",
        "title": "Agilidade e Performance",
        "desc": "Aumente os seus níveis de energia a sua velocidade e resistência",
        "time_total": "11",
        "time_run": 0,
        "time_rest": 0,
        "cycles": 0,
        "equips": "",
        "exers": "150,183,81,90,154,169,243"
    },
    {
        "codigo": "54",
        "level": "4",
        "lang": "pt",
        "title": "Cuide dos seus joelhos",
        "desc": "Proteja os seus joelhos, definindo os músculos circundantes mais fortes. Treino voltado para a saúde",
        "time_total": "9",
        "time_run": 0,
        "time_rest": 0,
        "cycles": 0,
        "equips": "",
        "exers": "226,235,139,223,217,5"
    },
    {
        "codigo": "55",
        "level": "4",
        "lang": "pt",
        "title": "Proteja os seus ombros",
        "desc": "Proteja seus ombros, ganhe estabilidade com este treino voltado para a saúde",
        "time_total": "8",
        "time_run": 0,
        "time_rest": 0,
        "cycles": 0,
        "equips": "",
        "exers": "252,233,123,208,236,104"
    },
    {
        "codigo": "56",
        "level": "4",
        "lang": "pt",
        "title": "Costas saudáveis",
        "desc": "Melhore os músculos das costas, para uma melhor postura e estabilidade",
        "time_total": "8",
        "time_run": 0,
        "time_rest": 0,
        "cycles": 0,
        "equips": "",
        "exers": "104,144,137,8,25,247"
    },
    {
        "codigo": "57",
        "level": "5",
        "lang": "pt",
        "title": "Treino de iniciação para séniores",
        "desc": "Treino de iniciação para idosos, visando a melhoria das condições musculares, esqueléticas e metabólicas",
        "time_total": "24",
        "time_run": 0,
        "time_rest": 0,
        "cycles": 0,
        "equips": "",
        "exers": "184,164,105,96,92,71,53,999,35,198,83"
    },
    {
        "codigo": "58",
        "level": "5",
        "lang": "pt",
        "title": "Jovens de nível avançado",
        "desc": "Reduza sua idade funcional/metabólica com este treino ao ar livre",
        "time_total": "29",
        "time_run": 0,
        "time_rest": 0,
        "cycles": 0,
        "equips": "",
        "exers": "89,71,79,171,121,105,140,87"
    },
    {
        "codigo": "59",
        "level": "5",
        "lang": "pt",
        "title": "Treino Avançado",
        "desc": "Com este treino avançado com elevada exigência metabólica melhora a tua força e resistência",
        "time_total": "26",
        "time_run": 0,
        "time_rest": 0,
        "cycles": 0,
        "equips": "",
        "exers": "159,34,79,24,91,143,53,59,35,198,83"
    },
    {
        "codigo": "60",
        "level": "5",
        "lang": "pt",
        "title": "Rejuvenescimento activo",
        "desc": "Diminua sua idade metabólica/funcional com este treino avançado que combina força, resistência e propriocepção",
        "time_total": "28",
        "time_run": 0,
        "time_rest": 0,
        "cycles": 0,
        "equips": "",
        "exers": "51,160,163,171,159,79,91,34,9,103,134"
    }
]
      
