[
    {
        "codigo": "5",
        "evo_cod": "V5",
        "vit_id": "0",
        "vit_vid_id": "0",
        "lang": "pt",
        "title": "SQUAT",
        "text1": "Um dos exercícios preferidos. Pernas e core activos ao máximo",
        "text2": "",
        "cues": "10, 11, 5",
        "vimeo": "",
        "moves": "8",
        "skills": "1, 8",
        "targets": "8, 9, 14, 1",
        "vid_align": "0.00",
        "vid_switch": "-1",
        "maq": "0",
        "vid_md5": "",
        "vid_local": "-1"
    },
    {
        "codigo": "6",
        "evo_cod": "V6",
        "vit_id": "0",
        "vit_vid_id": "0",
        "lang": "pt",
        "title": "ABDOMINAL BENCH CRUNCH",
        "text1": "Expirar ao subir. Activar os abdominais",
        "text2": "",
        "cues": "2, 23",
        "vimeo": "",
        "moves": "5, 2",
        "skills": "1",
        "targets": "1, 3",
        "vid_align": "0.00",
        "vid_switch": "-1",
        "maq": "0",
        "vid_md5": "",
        "vid_local": "-1"
    },
    {
        "codigo": "8",
        "evo_cod": "V8",
        "vit_id": "0",
        "vit_vid_id": "0",
        "lang": "pt",
        "title": "Abdominal hollow",
        "text1": "Ativar o abdominal transverso. Ajuda a proteger as suas costas com este movimento controlado.",
        "text2": "",
        "cues": "3, 6, 10",
        "vimeo": "",
        "moves": "2",
        "skills": "1",
        "targets": "1",
        "vid_align": "0.00",
        "vid_switch": "-1",
        "maq": "0",
        "vid_md5": "",
        "vid_local": "-1"
    },
    {
        "codigo": "9",
        "evo_cod": "V9",
        "vit_id": "0",
        "vit_vid_id": "0",
        "lang": "pt",
        "title": "Contrair o abdominal",
        "text1": "Com este exercício simples, ative aquele músculo tão difícil de ativar quanto o transverso",
        "text2": "",
        "cues": "1, 9, 43",
        "vimeo": "",
        "moves": "2",
        "skills": "1, 2",
        "targets": "1",
        "vid_align": "0.00",
        "vid_switch": "-1",
        "maq": "0",
        "vid_md5": "",
        "vid_local": "1"
    },
    {
        "codigo": "11",
        "evo_cod": "V11",
        "vit_id": "0",
        "vit_vid_id": "0",
        "lang": "pt",
        "title": "ALONGAMENTO DO ADUTOR",
        "text1": "Alongamento dos diferentes músculos adutores",
        "text2": "",
        "cues": "1, 6, 9",
        "vimeo": "",
        "moves": "4",
        "skills": "3, 4",
        "targets": "4",
        "vid_align": "0.00",
        "vid_switch": "-1",
        "maq": "0",
        "vid_md5": "",
        "vid_local": "-1"
    },
    {
        "codigo": "24",
        "evo_cod": "V24",
        "vit_id": "0",
        "vit_vid_id": "0",
        "lang": "pt",
        "title": "EXERCÍCIO BIRD-DOG/ EXERCÍCIO CÃO-PÁSSARO",
        "text1": "Exercício de ativação cruzada e protetor das costas",
        "text2": "",
        "cues": "7, 15, 24",
        "vimeo": "",
        "moves": "2",
        "skills": "1, 2",
        "targets": "1, 11, 10",
        "vid_align": "0.00",
        "vid_switch": "-1",
        "maq": "0",
        "vid_md5": "",
        "vid_local": "1"
    },
    {
        "codigo": "25",
        "evo_cod": "V25",
        "vit_id": "0",
        "vit_vid_id": "0",
        "lang": "pt",
        "title": "EXERCÍCIO BIRD-DOG/ EXERCÍCIO CÃO-PÁSSARO",
        "text1": "Exercício fundamental para fortalecer os músculos anti-flexão do quadril e da coluna",
        "text2": "",
        "cues": "7, 15, 24",
        "vimeo": "",
        "moves": "2",
        "skills": "1, 2",
        "targets": "1, 10, 2",
        "vid_align": "0.00",
        "vid_switch": "1",
        "maq": "0",
        "vid_md5": "",
        "vid_local": "-1"
    },

    {
        "codigo": "27",
        "evo_cod": "V27",
        "vit_id": "0",
        "vit_vid_id": "0",
        "lang": "pt",
        "title": "BURPEE",
        "text1": "Um dos exercícios clássicos para treino de força, coordenação e resistência",
        "text2": "",
        "cues": "23, 40, 1",
        "vimeo": "",
        "moves": "1, 7, 8, 5",
        "skills": "8, 6, 7",
        "targets": "8, 9, 13, 14, 1, 2",
        "vid_align": "0.00",
        "vid_switch": "-1",
        "maq": "0",
        "vid_md5": "",
        "vid_local": "-1"
    },
    {
        "codigo": "33",
        "evo_cod": "V33",
        "vit_id": "0",
        "vit_vid_id": "0",
        "lang": "pt",
        "title": "CRUNCH",
        "text1": "Exercícios clássicos de abdominais",
        "text2": "",
        "cues": "2, 23, 9",
        "vimeo": "",
        "moves": "6, 2, 5",
        "skills": "1",
        "targets": "1",
        "vid_align": "0.00",
        "vid_switch": "-1",
        "maq": "0",
        "vid_md5": "",
        "vid_local": "-1"
    },
    {
        "codigo": "34",
        "evo_cod": "V34",
        "vit_id": "0",
        "vit_vid_id": "0",
        "lang": "pt",
        "title": "CRUNCH COM ELEVAÇÃO DE UMA PERNA",
        "text1": "Este exercício irá isolar os músculos abdominais muito intensamente",
        "text2": "",
        "cues": "2, 13, 23",
        "vimeo": "",
        "moves": "6, 2, 5",
        "skills": "1",
        "targets": "1",
        "vid_align": "0.00",
        "vid_switch": "-1",
        "maq": "0",
        "vid_md5": "",
        "vid_local": "1"
    },
    {
        "codigo": "35",
        "evo_cod": "V35",
        "vit_id": "0",
        "vit_vid_id": "0",
        "lang": "pt",
        "title": "Alongamento dos quadrícipes",
        "text1": "Alongamento dos quadrícipes",
        "text2": "",
        "cues": "12, 7, 1",
        "vimeo": "",
        "moves": "4",
        "skills": "3, 4",
        "targets": "8",
        "vid_align": "0.00",
        "vid_switch": "1",
        "maq": "0",
        "vid_md5": "",
        "vid_local": "1"
    },
    {
        "codigo": "36",
        "evo_cod": "V36",
        "vit_id": "0",
        "vit_vid_id": "0",
        "lang": "pt",
        "title": "Alongamento dos quadrícipes",
        "text1": "Alongamento dos quadrícipes",
        "text2": "",
        "cues": "12, 34, 1",
        "vimeo": "",
        "moves": "4",
        "skills": "3, 4",
        "targets": "8",
        "vid_align": "0.00",
        "vid_switch": "1",
        "maq": "0",
        "vid_md5": "",
        "vid_local": "-1"
    },
    {
        "codigo": "43",
        "evo_cod": "V43",
        "vit_id": "0",
        "vit_vid_id": "0",
        "lang": "pt",
        "title": "PULL UPS SUPINE GRIP/ FLEXÕES EM BARRA FIXA E ELEVADA",
        "text1": "Variante menos exigente deste exercício clássico",
        "text2": "",
        "cues": "2, 17, 11",
        "vimeo": "",
        "moves": "6, 4",
        "skills": "1, 8",
        "targets": "11, 12",
        "vid_align": "0.00",
        "vid_switch": "-1",
        "maq": "0",
        "vid_md5": "",
        "vid_local": "-1"
    },
    {
        "codigo": "44",
        "evo_cod": "V44",
        "vit_id": "0",
        "vit_vid_id": "0",
        "lang": "pt",
        "title": "LUNGE COM SALTO",
        "text1": "Variação da lunge implica maior resistência muscular",
        "text2": "",
        "cues": "5, 13, 1",
        "vimeo": "",
        "moves": "9",
        "skills": "1, 7",
        "targets": "8, 9, 13, 14",
        "vid_align": "0.00",
        "vid_switch": "-1",
        "maq": "0",
        "vid_md5": "",
        "vid_local": "-1"
    },
    {
        "codigo": "49",
        "evo_cod": "49-Elevacionlateralmancuernas",
        "vit_id": "0",
        "vit_vid_id": "0",
        "lang": "pt",
        "title": "ELEVAÇÃO LATERAL COM HALTER",
        "text1": "",
        "text2": "",
        "cues": "16, 20, 1",
        "vimeo": "",
        "moves": "1",
        "skills": "1, 4",
        "targets": "2",
        "vid_align": "0.00",
        "vid_switch": "-1",
        "maq": "0",
        "vid_md5": "",
        "vid_local": "-1"
    },
    {
        "codigo": "51",
        "evo_cod": "V51",
        "vit_id": "0",
        "vit_vid_id": "0",
        "lang": "pt",
        "title": "ELEVAÇÃO DA PERNA, MANTER-SE ESTÁTICO E DE OLHOS FECHADOS",
        "text1": "Exercício para melhorar o equilíbrio e a propriocepção dinâmica",
        "text2": "",
        "cues": "11, 31, 13",
        "vimeo": "",
        "moves": "2",
        "skills": "2",
        "targets": "1",
        "vid_align": "0.00",
        "vid_switch": "1",
        "maq": "0",
        "vid_md5": "",
        "vid_local": "1"
    },
    {
        "codigo": "53",
        "evo_cod": "V53",
        "vit_id": "0",
        "vit_vid_id": "0",
        "lang": "pt",
        "title": "ALONGAMENTO DAS PERNAS E PESCOÇO EM CADEIRA",
        "text1": "Exercitar o músculo ciático",
        "text2": "",
        "cues": "1, 34, 13",
        "vimeo": "",
        "moves": "2",
        "skills": "3, 4",
        "targets": "10, 9, 14",
        "vid_align": "0.00",
        "vid_switch": "1",
        "maq": "0",
        "vid_md5": "",
        "vid_local": "1"
    },
    {
        "codigo": "57",
        "evo_cod": "57-Fondosinvertidos",
        "vit_id": "0",
        "vit_vid_id": "0",
        "lang": "pt",
        "title": "Exercícío de trícipes deitado em banco",
        "text1": "",
        "text2": "",
        "cues": "18, 11, 2",
        "vimeo": "",
        "moves": "1",
        "skills": "1, 4",
        "targets": "7",
        "vid_align": "0.00",
        "vid_switch": "-1",
        "maq": "0",
        "vid_md5": "",
        "vid_local": "-1"
    },
    {
        "codigo": "59",
        "evo_cod": "59-Estiramientopsoas",
        "vit_id": "0",
        "vit_vid_id": "0",
        "lang": "pt",
        "title": "Alongamento do PSOAS / Alongamento do flexores do quadril",
        "text1": "",
        "text2": "",
        "cues": "6, 1, 38",
        "vimeo": "",
        "moves": "2",
        "skills": "3",
        "targets": "15",
        "vid_align": "0.00",
        "vid_switch": "1",
        "maq": "0",
        "vid_md5": "",
        "vid_local": "-1"
    },
    {
        "codigo": "61",
        "evo_cod": "61-Estiramientogluteo",
        "vit_id": "0",
        "vit_vid_id": "0",
        "lang": "pt",
        "title": "Alongamento do glúteo",
        "text1": "",
        "text2": "",
        "cues": "6, 4, 1",
        "vimeo": "",
        "moves": "2",
        "skills": "3",
        "targets": "9",
        "vid_align": "0.00",
        "vid_switch": "1",
        "maq": "0",
        "vid_md5": "",
        "vid_local": "-1"
    },
    {
        "codigo": "63",
        "evo_cod": "63-Estiramientohombrodorsal",
        "vit_id": "0",
        "vit_vid_id": "0",
        "lang": "pt",
        "title": "Alongamento do ombro e dorsal",
        "text1": "",
        "text2": "",
        "cues": "5, 12, 1",
        "vimeo": "",
        "moves": "4",
        "skills": "3, 4",
        "targets": "2",
        "vid_align": "0.00",
        "vid_switch": "1",
        "maq": "0",
        "vid_md5": "",
        "vid_local": "-1"
    },
    {
        "codigo": "68",
        "evo_cod": "V68",
        "vit_id": "0",
        "vit_vid_id": "0",
        "lang": "pt",
        "title": "HOVER TO PLANK",
        "text1": "Combinação de 2 exercícios para ativar seu core profundo",
        "text2": "",
        "cues": "5, 40, 11",
        "vimeo": "",
        "moves": "2, 1, 3",
        "skills": "1, 2",
        "targets": "1, 2",
        "vid_align": "0.00",
        "vid_switch": "1",
        "maq": "0",
        "vid_md5": "",
        "vid_local": "-1"
    },
    {
        "codigo": "71",
        "evo_cod": "V71",
        "vit_id": "0",
        "vit_vid_id": "0",
        "lang": "pt",
        "title": "AGACHAMENTO ISOMÉTRICO NA PAREDE",
        "text1": "Estimule as suas pernas com estes exercícios",
        "text2": "",
        "cues": "10, 11, 5",
        "vimeo": "",
        "moves": "8, 2",
        "skills": "1",
        "targets": "8, 1",
        "vid_align": "0.00",
        "vid_switch": "-1",
        "maq": "0",
        "vid_md5": "",
        "vid_local": "1"
    },
    {
        "codigo": "74",
        "evo_cod": "V74",
        "vit_id": "0",
        "vit_vid_id": "0",
        "lang": "pt",
        "title": "ALONGAMNETO DOS MÚSCULOS ISQUIOTIBIAIS",
        "text1": "Alongar os músculos isquiotibiais",
        "text2": "",
        "cues": "33, 6, 1",
        "vimeo": "",
        "moves": "4",
        "skills": "3, 4",
        "targets": "14",
        "vid_align": "0.00",
        "vid_switch": "1",
        "maq": "0",
        "vid_md5": "",
        "vid_local": "-1"
    },
    {
        "codigo": "77",
        "evo_cod": "V77",
        "vit_id": "0",
        "vit_vid_id": "0",
        "lang": "pt",
        "title": "JUMPING JACKS",
        "text1": "Ecercício clássico de força e resistência",
        "text2": "",
        "cues": "30, 29, 11",
        "vimeo": "",
        "moves": "7",
        "skills": "8, 7",
        "targets": "8, 9, 14, 13, 2, 1",
        "vid_align": "0.00",
        "vid_switch": "-1",
        "maq": "0",
        "vid_md5": "",
        "vid_local": "-1"
    },
    {
        "codigo": "79",
        "evo_cod": "V79",
        "vit_id": "0",
        "vit_vid_id": "0",
        "lang": "pt",
        "title": "PUSH UP ON KNEES",
        "text1": "Uma variante às clássicas flexões",
        "text2": "",
        "cues": "11, 5, 18",
        "vimeo": "",
        "moves": "1",
        "skills": "1, 2",
        "targets": "6, 2, 7",
        "vid_align": "0.00",
        "vid_switch": "-1",
        "maq": "0",
        "vid_md5": "",
        "vid_local": "1"
    },
    {
        "codigo": "80",
        "evo_cod": "V80",
        "vit_id": "0",
        "vit_vid_id": "0",
        "lang": "pt",
        "title": "Flexões de braço",
        "text1": "Combinação de movimento com trabalho muscular intenso",
        "text2": "",
        "cues": "5, 1, 13",
        "vimeo": "",
        "moves": "1, 2, 7",
        "skills": "1, 2",
        "targets": "1, 6, 2, 7",
        "vid_align": "0.00",
        "vid_switch": "-1",
        "maq": "0",
        "vid_md5": "",
        "vid_local": "-1"
    },
    {
        "codigo": "81",
        "evo_cod": "V81",
        "vit_id": "0",
        "vit_vid_id": "0",
        "lang": "pt",
        "title": "SALTOS LATERAIS",
        "text1": "Exercício com foco na construção de força para as pernas",
        "text2": "",
        "cues": "5, 1, 32",
        "vimeo": "",
        "moves": "7",
        "skills": "8, 7, 6",
        "targets": "8, 9, 13, 14",
        "vid_align": "0.00",
        "vid_switch": "-1",
        "maq": "0",
        "vid_md5": "",
        "vid_local": "-1"
    },
    {
        "codigo": "83",
        "evo_cod": "V83",
        "vit_id": "0",
        "vit_vid_id": "0",
        "lang": "pt",
        "title": "ALOGAMENTO DA PARTE INFERIOR DAS COSTAS",
        "text1": "Exercício para alongar os músculos da parte inferior das costas",
        "text2": "",
        "cues": "12, 1, 4",
        "vimeo": "",
        "moves": "4",
        "skills": "3, 4",
        "targets": "10",
        "vid_align": "0.00",
        "vid_switch": "-1",
        "maq": "0",
        "vid_md5": "",
        "vid_local": "1"
    },
    {
        "codigo": "84",
        "evo_cod": "V84",
        "vit_id": "0",
        "vit_vid_id": "0",
        "lang": "pt",
        "title": "ALOGAMENTO DA PARTE INFERIOR DAS COSTAS",
        "text1": "Exercício para alongar os músculos da parte inferior das costas",
        "text2": "",
        "cues": "6, 1, 24",
        "vimeo": "",
        "moves": "4",
        "skills": "3, 4",
        "targets": "10",
        "vid_align": "0.00",
        "vid_switch": "-1",
        "maq": "0",
        "vid_md5": "",
        "vid_local": "-1"
    },
    {
        "codigo": "87",
        "evo_cod": "V87",
        "vit_id": "0",
        "vit_vid_id": "0",
        "lang": "pt",
        "title": "ALONGAMENTO COM AS MÃOS PARA CIMA",
        "text1": "Alongamneto genérico atuando com os braços e parte superior do tronco",
        "text2": "",
        "cues": "19, 1, 7",
        "vimeo": "",
        "moves": "4",
        "skills": "3, 4",
        "targets": "12, 16",
        "vid_align": "0.00",
        "vid_switch": "-1",
        "maq": "0",
        "vid_md5": "",
        "vid_local": "1"
    },
    {
        "codigo": "89",
        "evo_cod": "V89",
        "vit_id": "0",
        "vit_vid_id": "0",
        "lang": "pt",
        "title": "CAMINHADA PARA A FRENTE",
        "text1": "É um dos padrões motores básicos",
        "text2": "",
        "cues": "14, 1, 30",
        "vimeo": "",
        "moves": "7",
        "skills": "7",
        "targets": "8, 9, 14, 13",
        "vid_align": "0.00",
        "vid_switch": "-1",
        "maq": "0",
        "vid_md5": "",
        "vid_local": "1"
    },
    {
        "codigo": "90",
        "evo_cod": "V90",
        "vit_id": "0",
        "vit_vid_id": "0",
        "lang": "pt",
        "title": "MOUNTAIN CLIMBER",
        "text1": "Simule que caminha enquanto trabalha intensivamente o abdómen",
        "text2": "",
        "cues": "11, 5, 1",
        "vimeo": "",
        "moves": "1, 6, 2",
        "skills": "1, 2, 7",
        "targets": "1, 3",
        "vid_align": "0.00",
        "vid_switch": "-1",
        "maq": "0",
        "vid_md5": "",
        "vid_local": "-1"
    },
    {
        "codigo": "91",
        "evo_cod": "V91",
        "vit_id": "0",
        "vit_vid_id": "0",
        "lang": "pt",
        "title": "MOUNTAIN CLIMBER",
        "text1": "Simule que caminha enquanto trabalha intensivamente o abdómen",
        "text2": "",
        "cues": "11, 5, 1",
        "vimeo": "",
        "moves": "6, 2, 5",
        "skills": "1, 2, 7",
        "targets": "1, 3",
        "vid_align": "0.00",
        "vid_switch": "-1",
        "maq": "0",
        "vid_md5": "",
        "vid_local": "1"
    },
    {
        "codigo": "92",
        "evo_cod": "V92",
        "vit_id": "0",
        "vit_vid_id": "0",
        "lang": "pt",
        "title": "WALL MOUNTAIN CLIMBER",
        "text1": "Mountain Climber adaptado para iniciantes",
        "text2": "",
        "cues": "11, 5, 1",
        "vimeo": "",
        "moves": "6, 2",
        "skills": "1, 2, 7",
        "targets": "1, 3",
        "vid_align": "0.00",
        "vid_switch": "-1",
        "maq": "0",
        "vid_md5": "",
        "vid_local": "1"
    },
    {
        "codigo": "95",
        "evo_cod": "V95",
        "vit_id": "0",
        "vit_vid_id": "0",
        "lang": "pt",
        "title": "ABDOMINAL OBLÍQUO CRUZADO",
        "text1": "Exercite os seus oblíquos internos e externos",
        "text2": "",
        "cues": "23, 5, 2",
        "vimeo": "",
        "moves": "2, 5, 3",
        "skills": "1",
        "targets": "1, 3",
        "vid_align": "0.00",
        "vid_switch": "1",
        "maq": "0",
        "vid_md5": "",
        "vid_local": "-1"
    },
    {
        "codigo": "96",
        "evo_cod": "V96",
        "vit_id": "0",
        "vit_vid_id": "0",
        "lang": "pt",
        "title": "Levantamento lateral dos braços com garrafas",
        "text1": "Exercício de baixa intensidade para melhorar a força e a estabilidade dos ombros",
        "text2": "",
        "cues": "11, 7, 16",
        "vimeo": "",
        "moves": "6",
        "skills": "1",
        "targets": "11, 2 ",
        "vid_align": "0.00",
        "vid_switch": "-1",
        "maq": "0",
        "vid_md5": "",
        "vid_local": "1"
    },
    {
        "codigo": "103",
        "evo_cod": "V103",
        "vit_id": "0",
        "vit_vid_id": "0",
        "lang": "pt",
        "title": "PRANCHA ABDOMINAL ISOMÉTRICA",
        "text1": "Um exercícios simples para a ativação profunda do core",
        "text2": "",
        "cues": "11, 7, 25",
        "vimeo": "",
        "moves": "1, 2",
        "skills": "1, 2",
        "targets": "1 , 2",
        "vid_align": "0.00",
        "vid_switch": "-1",
        "maq": "0",
        "vid_md5": "",
        "vid_local": "1"
    },
    {
        "codigo": "104",
        "evo_cod": "V104",
        "vit_id": "0",
        "vit_vid_id": "0",
        "lang": "pt",
        "title": "PRANCHA ABDOMINAL ISOMÉTRICA",
        "text1": "Um exercícios simples para a ativação profunda do core",
        "text2": "",
        "cues": "11, 5, 1",
        "vimeo": "",
        "moves": "1, 2",
        "skills": "1, 2",
        "targets": "1, 2",
        "vid_align": "0.00",
        "vid_switch": "-1",
        "maq": "0",
        "vid_md5": "",
        "vid_local": "-1"
    },
    {
        "codigo": "105",
        "evo_cod": "V105",
        "vit_id": "0",
        "vit_vid_id": "0",
        "lang": "pt",
        "title": "PRANCHA NA PAREDE",
        "text1": "Uma versão de prancha mais fácil de executar",
        "text2": "",
        "cues": "11, 7, 25",
        "vimeo": "",
        "moves": "1, 2",
        "skills": "1, 2",
        "targets": "1, 2",
        "vid_align": "0.00",
        "vid_switch": "-1",
        "maq": "0",
        "vid_md5": "",
        "vid_local": "1"
    },

    {
        "codigo": "121",
        "evo_cod": "V121",
        "vit_id": "0",
        "vit_vid_id": "0",
        "lang": "pt",
        "title": "PUSH PRESS",
        "text1": "Faça o exercício depressa. É um exercício completo que ajuda a aumentar a intensidade do exercício",
        "text2": "",
        "cues": "16, 10, 11",
        "vimeo": "",
        "moves": "1, 4",
        "skills": "1",
        "targets": "2, 7, 1, 8",
        "vid_align": "0.00",
        "vid_switch": "-1",
        "maq": "0",
        "vid_md5": "",
        "vid_local": "1"
    },
    {
        "codigo": "123",
        "evo_cod": "V123",
        "vit_id": "0",
        "vit_vid_id": "0",
        "lang": "pt",
        "title": "PUSH UP HOLD",
        "text1": "Aumentoa a ação muscular em comparação com as flexões clássicas",
        "text2": "",
        "cues": "18, 5, 2",
        "vimeo": "",
        "moves": "2, 1",
        "skills": "1, 2",
        "targets": "6, 2, 7",
        "vid_align": "0.00",
        "vid_switch": "-1",
        "maq": "0",
        "vid_md5": "",
        "vid_local": "-1"
    },
    {
        "codigo": "134",
        "evo_cod": "V134",
        "vit_id": "0",
        "vit_vid_id": "0",
        "lang": "pt",
        "title": "ABDOMINAL TESOURA",
        "text1": "Um exercício clássico para o desenvolvimento da força abdominal",
        "text2": "",
        "cues": "1, 23, 9",
        "vimeo": "",
        "moves": "6, 2",
        "skills": "1, 2",
        "targets": "1",
        "vid_align": "0.00",
        "vid_switch": "-1",
        "maq": "0",
        "vid_md5": "",
        "vid_local": "1"
    },
    {
        "codigo": "137",
        "evo_cod": "V137",
        "vit_id": "0",
        "vit_vid_id": "0",
        "lang": "pt",
        "title": "PONTE DE OMBROS/ PONTE DE GLÚTEOS",
        "text1": "Exercícios anti-flexão que protege os quadris e a coluna",
        "text2": "",
        "cues": "18, 14, 1",
        "vimeo": "",
        "moves": "1, 2",
        "skills": "1, 2",
        "targets": "1, 14, 9",
        "vid_align": "0.00",
        "vid_switch": "-1",
        "maq": "0",
        "vid_md5": "",
        "vid_local": "-1"
    },
    {
        "codigo": "139",
        "evo_cod": "V139",
        "vit_id": "0",
        "vit_vid_id": "0",
        "lang": "pt",
        "title": "PONTE DE OMBROS/PONTE DE GLÚTEOS COM UMA PERNA",
        "text1": "Variante que estimula o equilíbrio além dos muscúlos anti-flexão e anti-rotação",
        "text2": "",
        "cues": "18, 39, 1",
        "vimeo": "",
        "moves": "2",
        "skills": "1, 2",
        "targets": "1, 9, 10",
        "vid_align": "0.00",
        "vid_switch": "1",
        "maq": "0",
        "vid_md5": "",
        "vid_local": "-1"
    },
    {
        "codigo": "140",
        "evo_cod": "V140",
        "vit_id": "0",
        "vit_vid_id": "0",
        "lang": "pt",
        "title": "PRANCHA LATERAL NA PAREDE",
        "text1": "Este exercício de prancha lateral é mais fácil de executar",
        "text2": "",
        "cues": "11, 7, 1",
        "vimeo": "",
        "moves": "1, 3, 2",
        "skills": "1, 2",
        "targets": "1, 2",
        "vid_align": "0.00",
        "vid_switch": "1",
        "maq": "0",
        "vid_md5": "",
        "vid_local": "1"
    },
    {
        "codigo": "143",
        "evo_cod": "V143",
        "vit_id": "0",
        "vit_vid_id": "0",
        "lang": "pt",
        "title": "PRANCHA LATERAL DE JOELHOS",
        "text1": "É um exercício muito eficaz para ativar os músuculos anti-flexão laterais",
        "text2": "",
        "cues": "11, 14, 1",
        "vimeo": "",
        "moves": "1, 3, 2",
        "skills": "1, 2",
        "targets": "1, 2",
        "vid_align": "0.00",
        "vid_switch": "1",
        "maq": "0",
        "vid_md5": "",
        "vid_local": "1"
    },
    {
        "codigo": "144",
        "evo_cod": "V144",
        "vit_id": "0",
        "vit_vid_id": "0",
        "lang": "pt",
        "title": "PRANCHA LATERAL DE JOELHOS",
        "text1": "É um exercício muito eficaz para ativar os músuculos anti-flexão laterais",
        "text2": "",
        "cues": "11, 14, 1",
        "vimeo": "",
        "moves": "1, 3, 2",
        "skills": "1, 2",
        "targets": "1, 2",
        "vid_align": "0.00",
        "vid_switch": "1",
        "maq": "0",
        "vid_md5": "",
        "vid_local": "-1"
    },
    {
        "codigo": "145",
        "evo_cod": "V145",
        "vit_id": "0",
        "vit_vid_id": "0",
        "lang": "pt",
        "title": "Deslocamento lateral",
        "text1": "Um excelente exercício para melhorar a sua agilidade e a potência",
        "text2": "",
        "cues": "32, 30, 35",
        "vimeo": "",
        "moves": "7",
        "skills": "5, 7, 6",
        "targets": "8, 9, 13, 3, 14",
        "vid_align": "0.00",
        "vid_switch": "1",
        "maq": "0",
        "vid_md5": "",
        "vid_local": "-1"
    },
    {
        "codigo": "150",
        "evo_cod": "V150",
        "vit_id": "0",
        "vit_vid_id": "0",
        "lang": "pt",
        "title": "Saltar",
        "text1": "Activar os músculos da parte inferior do corpo e estimular a sua resistência e força",
        "text2": "",
        "cues": "32, 29, 5",
        "vimeo": "",
        "moves": "7",
        "skills": "5, 7, 6",
        "targets": "8, 9, 13, 3, 14",
        "vid_align": "0.00",
        "vid_switch": "-1",
        "maq": "0",
        "vid_md5": "",
        "vid_local": "-1"
    },
    {
        "codigo": "154",
        "evo_cod": "V154",
        "vit_id": "0",
        "vit_vid_id": "0",
        "lang": "pt",
        "title": "Corrida Lateral",
        "text1": "Melhore a sua velocidade e agilidade com este exercício",
        "text2": "",
        "cues": "35, 29, 1",
        "vimeo": "",
        "moves": "7",
        "skills": "5, 7, 6",
        "targets": "8, 9, 13, 3, 14",
        "vid_align": "0.00",
        "vid_switch": "1",
        "maq": "0",
        "vid_md5": "",
        "vid_local": "-1"
    },
    {
        "codigo": "155",
        "evo_cod": "V155",
        "vit_id": "0",
        "vit_vid_id": "0",
        "lang": "pt",
        "title": "Corrida Lateral tocando no chão",
        "text1": "Melhore a sua velocidade e agilidade com este exercício",
        "text2": "",
        "cues": "35, 29, 1",
        "vimeo": "",
        "moves": "7, 3, 9",
        "skills": "5, 7, 6,",
        "targets": "8, 9, 13, 3, 14",
        "vid_align": "0.00",
        "vid_switch": "1",
        "maq": "0",
        "vid_md5": "",
        "vid_local": "-1"
    },
    {
        "codigo": "159",
        "evo_cod": "V159",
        "vit_id": "0",
        "vit_vid_id": "0",
        "lang": "pt",
        "title": "AGACHAMENTO",
        "text1": "Este exercício é excelente para trabalhar a força das penas e core",
        "text2": "",
        "cues": "10, 11, 7",
        "vimeo": "",
        "moves": "8",
        "skills": "1, 2",
        "targets": "8, 9, 14, 1",
        "vid_align": "0.00",
        "vid_switch": "-1",
        "maq": "0",
        "vid_md5": "",
        "vid_local": "1"
    },
    {
        "codigo": "160",
        "evo_cod": "V160",
        "vit_id": "0",
        "vit_vid_id": "0",
        "lang": "pt",
        "title": "AGACHAMENTO COM OS OLHOS FECHADOS",
        "text1": "Este exercício permite melhorar o seu equilíbrio e propriocepção",
        "text2": "",
        "cues": "10, 11, 7",
        "vimeo": "",
        "moves": "8, 2",
        "skills": "1, 2",
        "targets": "8, 9, 14,17",
        "vid_align": "0.00",
        "vid_switch": "-1",
        "maq": "0",
        "vid_md5": "",
        "vid_local": "1"
    },
    {
        "codigo": "161",
        "evo_cod": "V161",
        "vit_id": "0",
        "vit_vid_id": "0",
        "lang": "pt",
        "title": "AGACHAMENTO COM SALTO",
        "text1": "Variante de agachamento com foco no melhoramneto da sua potência",
        "text2": "",
        "cues": "30, 5, 13",
        "vimeo": "",
        "moves": "8, 7",
        "skills": "1, 8, 7",
        "targets": "8, 9, 13, 14",
        "vid_align": "0.00",
        "vid_switch": "-1",
        "maq": "0",
        "vid_md5": "",
        "vid_local": "-1"
    },
    {
        "codigo": "163",
        "evo_cod": "V163",
        "vit_id": "0",
        "vit_vid_id": "0",
        "lang": "pt",
        "title": "AGACHAMENTO LATERAL COM OS OLHOS FECHADOS",
        "text1": "Este exercício permite melhorar o seu equilíbrio e propriocepção",
        "text2": "",
        "cues": "13, 11, 12",
        "vimeo": "",
        "moves": "8, 2",
        "skills": "1, 2",
        "targets": "8, 9, 14, 13, 1",
        "vid_align": "0.00",
        "vid_switch": "1",
        "maq": "0",
        "vid_md5": "",
        "vid_local": "1"
    },
    {
        "codigo": "164",
        "evo_cod": "V164",
        "vit_id": "0",
        "vit_vid_id": "0",
        "lang": "pt",
        "title": "AGACHAMENTO COM CADEIRA",
        "text1": "É um exemplo de exercício de agachamento de intensidade reduzida",
        "text2": "",
        "cues": "10, 11, 42",
        "vimeo": "",
        "moves": "8, 5",
        "skills": "1",
        "targets": "8, 9, 14, 5, 1",
        "vid_align": "0.00",
        "vid_switch": "-1",
        "maq": "0",
        "vid_md5": "",
        "vid_local": "1"
    },
    {
        "codigo": "169",
        "evo_cod": "V169",
        "vit_id": "0",
        "vit_vid_id": "0",
        "lang": "pt",
        "title": "Corrida com pontapé no glúteo",
        "text1": "Movimento híbrido de coordenação e resistência",
        "text2": "",
        "cues": "32, 35, 1",
        "vimeo": "",
        "moves": "7",
        "skills": "5, 7",
        "targets": "14, 13",
        "vid_align": "0.00",
        "vid_switch": "-1",
        "maq": "0",
        "vid_md5": "",
        "vid_local": "-1"
    },
    {
        "codigo": "171",
        "evo_cod": "V171",
        "vit_id": "0",
        "vit_vid_id": "0",
        "lang": "pt",
        "title": "THRUSTER",
        "text1": "Este exercício é extremamente completo, uma vez que envolve quase todos os músuclos do corpo",
        "text2": "",
        "cues": "10, 11, 5",
        "vimeo": "",
        "moves": "8, 1",
        "skills": "1, 2",
        "targets": "8, 9, 2, 7, 1",
        "vid_align": "0.00",
        "vid_switch": "-1",
        "maq": "0",
        "vid_md5": "",
        "vid_local": "1"
    },
    {
        "codigo": "173",
        "evo_cod": "173-Estiramientorotacioncadera",
        "vit_id": "0",
        "vit_vid_id": "0",
        "lang": "pt",
        "title": "ALOGAMENTO COM ROTAÇÃO DO QUADRIL",
        "text1": "Alongamento com rotação e extensão do quadril",
        "text2": "",
        "cues": "36, 37, 1",
        "vimeo": "",
        "moves": "4",
        "skills": "3, 4",
        "targets": "9, 10",
        "vid_align": "0.00",
        "vid_switch": "1",
        "maq": "0",
        "vid_md5": "",
        "vid_local": "-1"
    },
    {
        "codigo": "183",
        "evo_cod": "V183",
        "vit_id": "0",
        "vit_vid_id": "0",
        "lang": "pt",
        "title": "WALKING LUNGE",
        "text1": "Exercício dinâmico que ativa os músuclos das pernas especialmente quadrícepes e glúteos",
        "text2": "",
        "cues": "13, 5, 1",
        "vimeo": "",
        "moves": "7, 9",
        "skills": "1, 7",
        "targets": "8, 9 , 14",
        "vid_align": "0.00",
        "vid_switch": "-1",
        "maq": "0",
        "vid_md5": "",
        "vid_local": "-1"
    },
    {
        "codigo": "184",
        "evo_cod": "V184",
        "vit_id": "0",
        "vit_vid_id": "0",
        "lang": "pt",
        "title": "FLEXÕES NA PAREDE",
        "text1": "Exercício de iniciação para estimular os músculos do braço e peito",
        "text2": "",
        "cues": "1, 7, 18",
        "vimeo": "",
        "moves": "1, 2",
        "skills": "1, 2",
        "targets": "6, 2, 7",
        "vid_align": "0.00",
        "vid_switch": "-1",
        "maq": "0",
        "vid_md5": "",
        "vid_local": "1"
    },
    {
        "codigo": "198",
        "evo_cod": "V198",
        "vit_id": "0",
        "vit_vid_id": "0",
        "lang": "pt",
        "title": "ALONGAMENTO DOS MÚSCULOS ISQUIOTIBIAIS",
        "text1": "Alogamento dos seus muúsculos isquiotibais",
        "text2": "",
        "cues": "24, 33, 1",
        "vimeo": "",
        "moves": "4",
        "skills": "3, 4",
        "targets": "14",
        "vid_align": "0.00",
        "vid_switch": "1",
        "maq": "0",
        "vid_md5": "",
        "vid_local": "1"
    },
    {
        "codigo": "204",
        "evo_cod": "204-Abduccioncadera",
        "vit_id": "0",
        "vit_vid_id": "0",
        "lang": "pt",
        "title": "MÁQUINA DE ABDUÇÃO",
        "text1": "",
        "text2": "",
        "cues": "23, 1, 13",
        "vimeo": "",
        "moves": "1",
        "skills": "1, 4",
        "targets": "4",
        "vid_align": "0.00",
        "vid_switch": "1",
        "maq": "0",
        "vid_md5": "",
        "vid_local": "-1"
    },
    {
        "codigo": "205",
        "evo_cod": "205-Adduccioncadera",
        "vit_id": "0",
        "vit_vid_id": "0",
        "lang": "pt",
        "title": "MÁQUINA DE ADUÇÃO",
        "text1": "",
        "text2": "",
        "cues": "23, 1, 13",
        "vimeo": "",
        "moves": "1",
        "skills": "1, 4",
        "targets": "1, 2",
        "vid_align": "0.00",
        "vid_switch": "1",
        "maq": "0",
        "vid_md5": "",
        "vid_local": "-1"
    },
    {
        "codigo": "206",
        "evo_cod": "206-Aperturas",
        "vit_id": "0",
        "vit_vid_id": "0",
        "lang": "pt",
        "title": "CRUCIFIXO COM HALTER",
        "text1": "",
        "text2": "",
        "cues": "5, 20, 3",
        "vimeo": "",
        "moves": "1",
        "skills": "1, 4",
        "targets": "2, 6",
        "vid_align": "0.00",
        "vid_switch": "1",
        "maq": "0",
        "vid_md5": "",
        "vid_local": "-1"
    },
    {
        "codigo": "207",
        "evo_cod": "207-BatlingRope",
        "vit_id": "0",
        "vit_vid_id": "0",
        "lang": "pt",
        "title": "BATALHA DE CORDA",
        "text1": "",
        "text2": "",
        "cues": "16, 11, 1",
        "vimeo": "",
        "moves": "2",
        "skills": "1, 7",
        "targets": "10, 16",
        "vid_align": "0.00",
        "vid_switch": "1",
        "maq": "0",
        "vid_md5": "",
        "vid_local": "-1"
    },
    {
        "codigo": "208",
        "evo_cod": "208-Cablebiceps",
        "vit_id": "0",
        "vit_vid_id": "0",
        "lang": "pt",
        "title": "CABO DE BÍCEPES",
        "text1": "",
        "text2": "",
        "cues": "18, 7, 1",
        "vimeo": "",
        "moves": "1",
        "skills": "1",
        "targets": "12",
        "vid_align": "0.00",
        "vid_switch": "1",
        "maq": "0",
        "vid_md5": "",
        "vid_local": "-1"
    },
    {
        "codigo": "209",
        "evo_cod": "209-Cablelungeonearmpress",
        "vit_id": "0",
        "vit_vid_id": "0",
        "lang": "pt",
        "title": "LUNGE COM CABO E UM BRAÇO A APERTAR",
        "text1": "",
        "text2": "",
        "cues": "23, 21, 14",
        "vimeo": "",
        "moves": "1",
        "skills": "1, 4",
        "targets": "1, 6",
        "vid_align": "0.00",
        "vid_switch": "1",
        "maq": "0",
        "vid_md5": "",
        "vid_local": "-1"
    },
    {
        "codigo": "210",
        "evo_cod": "210-Cablelungeonearmpull",
        "vit_id": "0",
        "vit_vid_id": "0",
        "lang": "pt",
        "title": "LUNGE COM CABO E UM BRAÇO A EMPURRAR",
        "text1": "",
        "text2": "",
        "cues": "23, 21, 14",
        "vimeo": "",
        "moves": "1",
        "skills": "1, 4",
        "targets": "16",
        "vid_align": "0.00",
        "vid_switch": "1",
        "maq": "0",
        "vid_md5": "",
        "vid_local": "-1"
    },
    {
        "codigo": "211",
        "evo_cod": "211-Calfraise",
        "vit_id": "0",
        "vit_vid_id": "0",
        "lang": "pt",
        "title": "LEVANTAR O CALCANHAR/ MEIA PONTA",
        "text1": "",
        "text2": "",
        "cues": "5, 12, 2",
        "vimeo": "",
        "moves": "1",
        "skills": "1, 4",
        "targets": "13, 17",
        "vid_align": "0.00",
        "vid_switch": "1",
        "maq": "0",
        "vid_md5": "",
        "vid_local": "-1"
    },
    {
        "codigo": "212",
        "evo_cod": "212-Carreraencinta",
        "vit_id": "0",
        "vit_vid_id": "0",
        "lang": "pt",
        "title": "PASSADEIRA",
        "text1": "",
        "text2": "",
        "cues": "27, 29, 28",
        "vimeo": "",
        "moves": "7",
        "skills": "4, 7",
        "targets": "15",
        "vid_align": "0.00",
        "vid_switch": "1",
        "maq": "0",
        "vid_md5": "",
        "vid_local": "-1"
    },
    {
        "codigo": "213",
        "evo_cod": "213-Contractoramaquina",
        "vit_id": "0",
        "vit_vid_id": "0",
        "lang": "pt",
        "title": "MÁQUINA DE CRUCIFIXO",
        "text1": "",
        "text2": "",
        "cues": "5, 20, 3",
        "vimeo": "",
        "moves": "1",
        "skills": "1, 4",
        "targets": "6",
        "vid_align": "0.00",
        "vid_switch": "1",
        "maq": "0",
        "vid_md5": "",
        "vid_local": "-1"
    },
    {
        "codigo": "214",
        "evo_cod": "214-Curlmartillo",
        "vit_id": "0",
        "vit_vid_id": "0",
        "lang": "pt",
        "title": "ELEVAÇÃO DOS HALTERES",
        "text1": "",
        "text2": "",
        "cues": "18, 11, 1",
        "vimeo": "",
        "moves": "1",
        "skills": "1, 4",
        "targets": "12",
        "vid_align": "0.00",
        "vid_switch": "1",
        "maq": "0",
        "vid_md5": "",
        "vid_local": "-1"
    },
    {
        "codigo": "215",
        "evo_cod": "215-Curlfemoral",
        "vit_id": "0",
        "vit_vid_id": "0",
        "lang": "pt",
        "title": "CURL BÍCEPES",
        "text1": "",
        "text2": "",
        "cues": "23, 13, 2",
        "vimeo": "",
        "moves": "1",
        "skills": "1, 4",
        "targets": "14",
        "vid_align": "0.00",
        "vid_switch": "1",
        "maq": "0",
        "vid_md5": "",
        "vid_local": "-1"
    },
    {
        "codigo": "216",
        "evo_cod": "216-Eliptica",
        "vit_id": "0",
        "vit_vid_id": "0",
        "lang": "pt",
        "title": "ELÍPTICA",
        "text1": "",
        "text2": "",
        "cues": "28, 5, 30",
        "vimeo": "",
        "moves": "7",
        "skills": "7",
        "targets": "15",
        "vid_align": "0.00",
        "vid_switch": "1",
        "maq": "0",
        "vid_md5": "",
        "vid_local": "-1"
    },
    {
        "codigo": "217",
        "evo_cod": "217-Extensioncadera",
        "vit_id": "0",
        "vit_vid_id": "0",
        "lang": "pt",
        "title": "EXTENSÃO DO QUADRIL",
        "text1": "",
        "text2": "",
        "cues": "11, 5, 33",
        "vimeo": "",
        "moves": "1",
        "skills": "1, 4",
        "targets": "9",
        "vid_align": "0.00",
        "vid_switch": "1",
        "maq": "0",
        "vid_md5": "",
        "vid_local": "-1"
    },
    {
        "codigo": "218",
        "evo_cod": "218-Fitballcrunch",
        "vit_id": "0",
        "vit_vid_id": "0",
        "lang": "pt",
        "title": "ABDOMINAL CRUNCH EM BOLA DE PILATES",
        "text1": "",
        "text2": "",
        "cues": "2, 23, 10",
        "vimeo": "",
        "moves": "1",
        "skills": "1, 4",
        "targets": "1",
        "vid_align": "0.00",
        "vid_switch": "-1",
        "maq": "0",
        "vid_md5": "",
        "vid_local": "-1"
    },
    {
        "codigo": "219",
        "evo_cod": "219-Fitballrollout",
        "vit_id": "0",
        "vit_vid_id": "0",
        "lang": "pt",
        "title": "ROLAR NA BOLA DE PILATES",
        "text1": "",
        "text2": "",
        "cues": "23, 5, 1",
        "vimeo": "",
        "moves": "1",
        "skills": "1, 4",
        "targets": "1",
        "vid_align": "0.00",
        "vid_switch": "1",
        "maq": "0",
        "vid_md5": "",
        "vid_local": "-1"
    },
    {
        "codigo": "220",
        "evo_cod": "220-Flexionpiernasuelo",
        "vit_id": "0",
        "vit_vid_id": "0",
        "lang": "pt",
        "title": "ABDOMINAL CRUNCH COM EXTENSÃO DAS PERNAS",
        "text1": "",
        "text2": "",
        "cues": "18, 23, 1",
        "vimeo": "",
        "moves": "1",
        "skills": "1, 4",
        "targets": "1",
        "vid_align": "0.00",
        "vid_switch": "-1",
        "maq": "0",
        "vid_md5": "",
        "vid_local": "-1"
    },
    {
        "codigo": "221",
        "evo_cod": "221-Pajaros",
        "vit_id": "0",
        "vit_vid_id": "0",
        "lang": "pt",
        "title": "FLEXÃO REVERSA DO OMBRO",
        "text1": "",
        "text2": "",
        "cues": "5, 20, 2",
        "vimeo": "",
        "moves": "1",
        "skills": "1, 4",
        "targets": "2",
        "vid_align": "0.00",
        "vid_switch": "1",
        "maq": "0",
        "vid_md5": "",
        "vid_local": "-1"
    },
    {
        "codigo": "222",
        "evo_cod": "222-Patadagluteo",
        "vit_id": "0",
        "vit_vid_id": "0",
        "lang": "pt",
        "title": "MÁQUINA DE GLÚTEO",
        "text1": "",
        "text2": "",
        "cues": "5, 22, 25",
        "vimeo": "",
        "moves": "1",
        "skills": "1, 4",
        "targets": "9",
        "vid_align": "0.00",
        "vid_switch": "1",
        "maq": "0",
        "vid_md5": "",
        "vid_local": "-1"
    },
    {
        "codigo": "223",
        "evo_cod": "223-Pesomuerto",
        "vit_id": "0",
        "vit_vid_id": "0",
        "lang": "pt",
        "title": "LEVANTAMENTO TERRA",
        "text1": "",
        "text2": "",
        "cues": "25, 11, 2",
        "vimeo": "",
        "moves": "1",
        "skills": "1, 4",
        "targets": "10",
        "vid_align": "0.00",
        "vid_switch": "1",
        "maq": "0",
        "vid_md5": "",
        "vid_local": "-1"
    },
    {
        "codigo": "224",
        "evo_cod": "224-Extensionderodilla",
        "vit_id": "0",
        "vit_vid_id": "0",
        "lang": "pt",
        "title": "EXTENSÃO DA PERNA",
        "text1": "",
        "text2": "",
        "cues": "5, 13, 2",
        "vimeo": "",
        "moves": "1",
        "skills": "1, 4",
        "targets": "8",
        "vid_align": "0.00",
        "vid_switch": "1",
        "maq": "0",
        "vid_md5": "",
        "vid_local": "-1"
    },
    {
        "codigo": "225",
        "evo_cod": "225-Powerpivotsquat",
        "vit_id": "0",
        "vit_vid_id": "0",
        "lang": "pt",
        "title": "POWER & PIVOT SQUAT / SALTO COM AGACHAMENTO E AGACHAMENTO COM PAUSA AGACHADO",
        "text1": "",
        "text2": "",
        "cues": "25, 5, 10",
        "vimeo": "",
        "moves": "1",
        "skills": "1, 4",
        "targets": "8",
        "vid_align": "0.00",
        "vid_switch": "1",
        "maq": "0",
        "vid_md5": "",
        "vid_local": "-1"
    },
    {
        "codigo": "226",
        "evo_cod": "226-Prensapiernas",
        "vit_id": "0",
        "vit_vid_id": "0",
        "lang": "pt",
        "title": "MÁQUINA DE PRENSA DE PERNAS",
        "text1": "",
        "text2": "",
        "cues": "5, 10, 2",
        "vimeo": "",
        "moves": "1",
        "skills": "1, 4",
        "targets": "8",
        "vid_align": "0.00",
        "vid_switch": "1",
        "maq": "0",
        "vid_md5": "",
        "vid_local": "-1"
    },
    {
        "codigo": "227",
        "evo_cod": "227-Pressinclinadomancuerna",
        "vit_id": "0",
        "vit_vid_id": "0",
        "lang": "pt",
        "title": "BANCO INCLINADO PARA CRUCIFIXO COM HALTER",
        "text1": "",
        "text2": "",
        "cues": "17, 2, 23",
        "vimeo": "",
        "moves": "1",
        "skills": "1, 4",
        "targets": "6",
        "vid_align": "0.00",
        "vid_switch": "1",
        "maq": "0",
        "vid_md5": "",
        "vid_local": "-1"
    },
    {
        "codigo": "228",
        "evo_cod": "228-Pressmaquina",
        "vit_id": "0",
        "vit_vid_id": "0",
        "lang": "pt",
        "title": "MÁQUINA DE MUSCULAÇÃO PEITORIL",
        "text1": "",
        "text2": "",
        "cues": "17, 2, 23",
        "vimeo": "",
        "moves": "1",
        "skills": "1, 4",
        "targets": "6",
        "vid_align": "0.00",
        "vid_switch": "1",
        "maq": "0",
        "vid_md5": "",
        "vid_local": "-1"
    },
    {
        "codigo": "229",
        "evo_cod": "229-Pressmilitarmaquina",
        "vit_id": "0",
        "vit_vid_id": "0",
        "lang": "pt",
        "title": "MÁQUINA PRENSA DE OMBROS",
        "text1": "",
        "text2": "",
        "cues": "5, 2, 13",
        "vimeo": "",
        "moves": "1",
        "skills": "1, 4",
        "targets": "2",
        "vid_align": "0.00",
        "vid_switch": "1",
        "maq": "0",
        "vid_md5": "",
        "vid_local": "-1"
    },
    {
        "codigo": "230",
        "evo_cod": "230-Pressplanomancuerna",
        "vit_id": "0",
        "vit_vid_id": "0",
        "lang": "pt",
        "title": "BANCO DE MUSCULAÇÃO PEITORIL COM HALTERES",
        "text1": "",
        "text2": "",
        "cues": "5, 2, 13",
        "vimeo": "",
        "moves": "1",
        "skills": "1, 4",
        "targets": "6",
        "vid_align": "0.00",
        "vid_switch": "1",
        "maq": "0",
        "vid_md5": "",
        "vid_local": "-1"
    },
    {
        "codigo": "231",
        "evo_cod": "231-Pullover",
        "vit_id": "0",
        "vit_vid_id": "0",
        "lang": "pt",
        "title": "PULL OVER",
        "text1": "",
        "text2": "",
        "cues": "5, 20, 2",
        "vimeo": "",
        "moves": "1",
        "skills": "1, 4",
        "targets": "6",
        "vid_align": "0.00",
        "vid_switch": "1",
        "maq": "0",
        "vid_md5": "",
        "vid_local": "-1"
    },
    {
        "codigo": "232",
        "evo_cod": "232-Recumbent",
        "vit_id": "0",
        "vit_vid_id": "0",
        "lang": "pt",
        "title": "BICICLETA ESTÁTICA",
        "text1": "",
        "text2": "",
        "cues": "16, 30, 1",
        "vimeo": "",
        "moves": "7",
        "skills": "7",
        "targets": "8",
        "vid_align": "0.00",
        "vid_switch": "1",
        "maq": "0",
        "vid_md5": "",
        "vid_local": "-1"
    },
    {
        "codigo": "233",
        "evo_cod": "233-Remoalpechomaquina",
        "vit_id": "0",
        "vit_vid_id": "0",
        "lang": "pt",
        "title": "MÁQUINA DE REMO",
        "text1": "",
        "text2": "",
        "cues": "5, 11, 18",
        "vimeo": "",
        "moves": "1",
        "skills": "1, 4",
        "targets": "6",
        "vid_align": "0.00",
        "vid_switch": "1",
        "maq": "0",
        "vid_md5": "",
        "vid_local": "-1"
    },
    {
        "codigo": "234",
        "evo_cod": "234-Remoderodillaunamano",
        "vit_id": "0",
        "vit_vid_id": "0",
        "lang": "pt",
        "title": "REMO COM UMA MÃO E JOELHO APOIADO E COM HALTER NA OUTRA MÃO",
        "text1": "",
        "text2": "",
        "cues": "5, 11, 18",
        "vimeo": "",
        "moves": "1",
        "skills": "1, 4",
        "targets": "16",
        "vid_align": "0.00",
        "vid_switch": "1",
        "maq": "0",
        "vid_md5": "",
        "vid_local": "-1"
    },
    {
        "codigo": "235",
        "evo_cod": "235-Subidasabanco",
        "vit_id": "0",
        "vit_vid_id": "0",
        "lang": "pt",
        "title": "STEP UP",
        "text1": "",
        "text2": "",
        "cues": "5, 30, 13",
        "vimeo": "",
        "moves": "7",
        "skills": "7",
        "targets": "8",
        "vid_align": "0.00",
        "vid_switch": "1",
        "maq": "0",
        "vid_md5": "",
        "vid_local": "-1"
    },
    {
        "codigo": "236",
        "evo_cod": "236-Tricepsmaquina",
        "vit_id": "0",
        "vit_vid_id": "0",
        "lang": "pt",
        "title": "MÁQUINA DE TRÍCEPES",
        "text1": "",
        "text2": "",
        "cues": "18, 17, 1",
        "vimeo": "",
        "moves": "1",
        "skills": "1, 4",
        "targets": "7",
        "vid_align": "0.00",
        "vid_switch": "1",
        "maq": "0",
        "vid_md5": "",
        "vid_local": "-1"
    },
    {
        "codigo": "237",
        "evo_cod": "237-Trxlateralrollin",
        "vit_id": "0",
        "vit_vid_id": "0",
        "lang": "pt",
        "title": "TRX LATERAL ROLL IN",
        "text1": "",
        "text2": "",
        "cues": "14, 23, 2",
        "vimeo": "",
        "moves": "1",
        "skills": "1, 4",
        "targets": "1",
        "vid_align": "0.00",
        "vid_switch": "1",
        "maq": "0",
        "vid_md5": "",
        "vid_local": "-1"
    },
    {
        "codigo": "238",
        "evo_cod": "238-Trxlunge",
        "vit_id": "0",
        "vit_vid_id": "0",
        "lang": "pt",
        "title": "LUNGE COM TRX",
        "text1": "",
        "text2": "",
        "cues": "5, 13, 1",
        "vimeo": "",
        "moves": "9",
        "skills": "1, 6",
        "targets": "15",
        "vid_align": "0.00",
        "vid_switch": "1",
        "maq": "0",
        "vid_md5": "",
        "vid_local": "-1"
    },
    {
        "codigo": "239",
        "evo_cod": "239-Trxmountainclimber",
        "vit_id": "0",
        "vit_vid_id": "0",
        "lang": "pt",
        "title": "MOUNTAIN CLIMBER EM TRX",
        "text1": "",
        "text2": "",
        "cues": "19, 5, 1",
        "vimeo": "",
        "moves": "2",
        "skills": "1, 2",
        "targets": "1, 15",
        "vid_align": "0.00",
        "vid_switch": "1",
        "maq": "0",
        "vid_md5": "",
        "vid_local": "-1"
    },
    {
        "codigo": "241",
        "evo_cod": "241-Trxsquat",
        "vit_id": "0",
        "vit_vid_id": "0",
        "lang": "pt",
        "title": "AGACHAMENTO EM TRX",
        "text1": "",
        "text2": "",
        "cues": "5, 25, 2",
        "vimeo": "",
        "moves": "1",
        "skills": "1, 4",
        "targets": "8",
        "vid_align": "0.00",
        "vid_switch": "1",
        "maq": "0",
        "vid_md5": "",
        "vid_local": "-1"
    },
    {
        "codigo": "242",
        "evo_cod": "242-Tijerasmancuerna",
        "vit_id": "0",
        "vit_vid_id": "0",
        "lang": "pt",
        "title": "LUNGE COM HALTER",
        "text1": "",
        "text2": "",
        "cues": "5, 13, 1",
        "vimeo": "",
        "moves": "9",
        "skills": "1, 4",
        "targets": "15",
        "vid_align": "0.00",
        "vid_switch": "1",
        "maq": "0",
        "vid_md5": "",
        "vid_local": "-1"
    },
    {
        "codigo": "243",
        "evo_cod": "243-Pliometriahorizontaldospiernas",
        "vit_id": "0",
        "vit_vid_id": "0",
        "lang": "pt",
        "title": "Pliometria Horizontal das Pernas",
        "text1": "",
        "text2": "",
        "cues": "32, 5, 1",
        "vimeo": "",
        "moves": "7",
        "skills": "1, 6",
        "targets": "15",
        "vid_align": "0.00",
        "vid_switch": "1",
        "maq": "0",
        "vid_md5": "",
        "vid_local": "-1"
    },
    {
        "codigo": "244",
        "evo_cod": "244-Smithmachinesquat",
        "vit_id": "0",
        "vit_vid_id": "0",
        "lang": "pt",
        "title": "MÁQUINA DE AGACHAMENTO COM BARRA",
        "text1": "",
        "text2": "",
        "cues": "25, 5, 1",
        "vimeo": "",
        "moves": "1",
        "skills": "1, 4",
        "targets": "8",
        "vid_align": "0.00",
        "vid_switch": "1",
        "maq": "0",
        "vid_md5": "",
        "vid_local": "-1"
    },
    {
        "codigo": "245",
        "evo_cod": "245-Trxskaterjump",
        "vit_id": "0",
        "vit_vid_id": "0",
        "lang": "pt",
        "title": "TRX - SALTO SKATER",
        "text1": "",
        "text2": "",
        "cues": "5, 11, 30",
        "vimeo": "",
        "moves": "1",
        "skills": "1, 4",
        "targets": "8",
        "vid_align": "0.00",
        "vid_switch": "1",
        "maq": "0",
        "vid_md5": "",
        "vid_local": "-1"
    },
    {
        "codigo": "246",
        "evo_cod": "246-Squat1pierna",
        "vit_id": "0",
        "vit_vid_id": "0",
        "lang": "pt",
        "title": "AGACHAMENTO COM UMA PERNA",
        "text1": "",
        "text2": "",
        "cues": "13, 5, 2",
        "vimeo": "",
        "moves": "1",
        "skills": "1, 4",
        "targets": "8",
        "vid_align": "0.00",
        "vid_switch": "1",
        "maq": "0",
        "vid_md5": "",
        "vid_local": "-1"
    },
    {
        "codigo": "247",
        "evo_cod": "247-sentadillapiernasabiertas",
        "vit_id": "0",
        "vit_vid_id": "0",
        "lang": "pt",
        "title": "AGACHAMENTO SUMO",
        "text1": "Um exercício obrigatório para todos os atletas. Pernas e núcleo totalmente ativados",
        "text2": "",
        "cues": "5, 2, 13",
        "vimeo": "",
        "moves": "8",
        "skills": "1, 8",
        "targets": "8, 9, 14, 1",
        "vid_align": "0.00",
        "vid_switch": "-1",
        "maq": "0",
        "vid_md5": "",
        "vid_local": "-1"
    },
    {
        "codigo": "248",
        "evo_cod": "248-sentadillaconpeso",
        "vit_id": "0",
        "vit_vid_id": "0",
        "lang": "pt",
        "title": "AGACHAMENTO COM PESO AO PEITO",
        "text1": "Um exercício de primeira qualidade. Treina pernas e core",
        "text2": "",
        "cues": "5, 2, 13",
        "vimeo": "",
        "moves": "8",
        "skills": "1, 8",
        "targets": "8, 9, 14, 1",
        "vid_align": "0.00",
        "vid_switch": "-1",
        "maq": "0",
        "vid_md5": "",
        "vid_local": "-1"
    },
    {
        "codigo": "249",
        "evo_cod": "249-Remoalpechoagarreinverso",
        "vit_id": "0",
        "vit_vid_id": "0",
        "lang": "pt",
        "title": "LEVANTAMENTO DA BARRA - EXERCÍCIO DE REVERSE GRIP",
        "text1": "",
        "text2": "",
        "cues": "5, 18, 2",
        "vimeo": "",
        "moves": "1",
        "skills": "1, 4",
        "targets": "6",
        "vid_align": "0.00",
        "vid_switch": "1",
        "maq": "0",
        "vid_md5": "",
        "vid_local": "-1"
    },
    {
        "codigo": "250",
        "evo_cod": "250-CurlMancuernas",
        "vit_id": "0",
        "vit_vid_id": "0",
        "lang": "pt",
        "title": "ROSCA DE BÍCEPES",
        "text1": "",
        "text2": "",
        "cues": "18, 11, 1",
        "vimeo": "",
        "moves": "1",
        "skills": "1, 4",
        "targets": "12",
        "vid_align": "0.00",
        "vid_switch": "1",
        "maq": "0",
        "vid_md5": "",
        "vid_local": "-1"
    },
    {
        "codigo": "251",
        "evo_cod": "251-Remotumbadomancuernas",
        "vit_id": "0",
        "vit_vid_id": "0",
        "lang": "pt",
        "title": "DUMBBELL ROW",
        "text1": "",
        "text2": "",
        "cues": "10, 11, 5",
        "vimeo": "",
        "moves": "1",
        "skills": "1, 4",
        "targets": "16",
        "vid_align": "0.00",
        "vid_switch": "1",
        "maq": "0",
        "vid_md5": "",
        "vid_local": "-1"
    },
    {
        "codigo": "252",
        "evo_cod": "252-Remounamano",
        "vit_id": "0",
        "vit_vid_id": "0",
        "lang": "pt",
        "title": "REMO PUXANDO COM UMA MÃO",
        "text1": "",
        "text2": "",
        "cues": "16, 11, 1",
        "vimeo": "",
        "moves": "1",
        "skills": "1, 4",
        "targets": "16",
        "vid_align": "0.00",
        "vid_switch": "1",
        "maq": "0",
        "vid_md5": "",
        "vid_local": "-1"
    },
    {
        "codigo": "253",
        "evo_cod": "253-PressFrances",
        "vit_id": "0",
        "vit_vid_id": "0",
        "lang": "pt",
        "title": "FRENCH PRESS",
        "text1": "",
        "text2": "",
        "cues": "5, 17, 2",
        "vimeo": "",
        "moves": "1",
        "skills": "1, 4",
        "targets": "7",
        "vid_align": "0.00",
        "vid_switch": "1",
        "maq": "0",
        "vid_md5": "",
        "vid_local": "-1"
    },
    {
        "codigo": "254",
        "evo_cod": "254-Trxrollin",
        "vit_id": "0",
        "vit_vid_id": "0",
        "lang": "pt",
        "title": "TRX ROLL IN",
        "text1": "",
        "text2": "",
        "cues": "19, 23, 2",
        "vimeo": "",
        "moves": "1",
        "skills": "1, 4",
        "targets": "1",
        "vid_align": "0.00",
        "vid_switch": "1",
        "maq": "0",
        "vid_md5": "",
        "vid_local": "-1"
    },
    {
        "codigo": "999",
        "evo_cod": "V999",
        "vit_id": "0",
        "vit_vid_id": "0",
        "lang": "pt",
        "title": "Alongamento da Panturrilha",
        "text1": "Alongamento da Panturrilha",
        "text2": "",
        "cues": "6,7,22",
        "vimeo": "",
        "moves": "4",
        "skills": "3, 4",
        "targets": "13",
        "vid_align": "0.00",
        "vid_switch": "1",
        "maq": "0",
        "vid_md5": "",
        "vid_local": "1"
    }
]