[
    {
        "codigo": "86",
        "wk_id": "30",
        "lang": "pt",
        "title": "",
        "cycles": "1",
        "duration": "1",
        "orden": "1"
    },
    {
        "codigo": "87",
        "wk_id": "31",
        "lang": "pt",
        "title": "",
        "cycles": "1",
        "duration": "1",
        "orden": "1"
    },
    {
        "codigo": "88",
        "wk_id": "32",
        "lang": "pt",
        "title": "",
        "cycles": "1",
        "duration": "1",
        "orden": "1"
    },
    {
        "codigo": "89",
        "wk_id": "33",
        "lang": "pt",
        "title": "",
        "cycles": "1",
        "duration": "1",
        "orden": "1"
    },
    {
        "codigo": "90",
        "wk_id": "34",
        "lang": "pt",
        "title": "",
        "cycles": "1",
        "duration": "1",
        "orden": "1"
    },
    {
        "codigo": "91",
        "wk_id": "35",
        "lang": "pt",
        "title": "",
        "cycles": "1",
        "duration": "1",
        "orden": "1"
    },
    {
        "codigo": "92",
        "wk_id": "36",
        "lang": "pt",
        "title": "",
        "cycles": "1",
        "duration": "1",
        "orden": "1"
    },
    {
        "codigo": "93",
        "wk_id": "37",
        "lang": "pt",
        "title": "",
        "cycles": "1",
        "duration": "1",
        "orden": "1"
    },
    {
        "codigo": "94",
        "wk_id": "38",
        "lang": "pt",
        "title": "",
        "cycles": "1",
        "duration": "1",
        "orden": "1"
    },
    {
        "codigo": "95",
        "wk_id": "39",
        "lang": "pt",
        "title": "",
        "cycles": "1",
        "duration": "1",
        "orden": "1"
    },
    {
        "codigo": "96",
        "wk_id": "40",
        "lang": "pt",
        "title": "",
        "cycles": "1",
        "duration": "1",
        "orden": "1"
    },
    {
        "codigo": "97",
        "wk_id": "41",
        "lang": "pt",
        "title": "",
        "cycles": "1",
        "duration": "1",
        "orden": "1"
    },
    {
        "codigo": "98",
        "wk_id": "42",
        "lang": "pt",
        "title": "",
        "cycles": "1",
        "duration": "1",
        "orden": "1"
    },
    {
        "codigo": "99",
        "wk_id": "43",
        "lang": "pt",
        "title": "",
        "cycles": "1",
        "duration": "1",
        "orden": "1"
    },
    {
        "codigo": "100",
        "wk_id": "44",
        "lang": "pt",
        "title": "",
        "cycles": "1",
        "duration": "1",
        "orden": "1"
    },
    {
        "codigo": "101",
        "wk_id": "45",
        "lang": "pt",
        "title": "",
        "cycles": "1",
        "duration": "1",
        "orden": "1"
    },
    {
        "codigo": "102",
        "wk_id": "46",
        "lang": "pt",
        "title": "",
        "cycles": "1",
        "duration": "1",
        "orden": "1"
    },
    {
        "codigo": "103",
        "wk_id": "47",
        "lang": "pt",
        "title": "",
        "cycles": "1",
        "duration": "1",
        "orden": "1"
    },
    {
        "codigo": "104",
        "wk_id": "48",
        "lang": "pt",
        "title": "",
        "cycles": "1",
        "duration": "1",
        "orden": "1"
    },
    {
        "codigo": "105",
        "wk_id": "49",
        "lang": "pt",
        "title": "",
        "cycles": "1",
        "duration": "1",
        "orden": "1"
    },
    {
        "codigo": "106",
        "wk_id": "50",
        "lang": "pt",
        "title": "",
        "cycles": "1",
        "duration": "1",
        "orden": "1"
    },
    {
        "codigo": "107",
        "wk_id": "51",
        "lang": "pt",
        "title": "",
        "cycles": "1",
        "duration": "1",
        "orden": "1"
    },
    {
        "codigo": "108",
        "wk_id": "52",
        "lang": "pt",
        "title": "",
        "cycles": "1",
        "duration": "1",
        "orden": "1"
    },
    {
        "codigo": "109",
        "wk_id": "53",
        "lang": "pt",
        "title": "",
        "cycles": "1",
        "duration": "1",
        "orden": "1"
    },
    {
        "codigo": "110",
        "wk_id": "54",
        "lang": "pt",
        "title": "",
        "cycles": "1",
        "duration": "1",
        "orden": "1"
    },
    {
        "codigo": "111",
        "wk_id": "55",
        "lang": "pt",
        "title": "",
        "cycles": "1",
        "duration": "1",
        "orden": "1"
    },
    {
        "codigo": "112",
        "wk_id": "56",
        "lang": "pt",
        "title": "",
        "cycles": "1",
        "duration": "1",
        "orden": "1"
    },
    {
        "codigo": "113",
        "wk_id": "57",
        "lang": "pt",
        "title": "",
        "cycles": "1",
        "duration": "1",
        "orden": "1"
    },
    {
        "codigo": "114",
        "wk_id": "58",
        "lang": "pt",
        "title": "",
        "cycles": "1",
        "duration": "1",
        "orden": "1"
    },
    {
        "codigo": "115",
        "wk_id": "59",
        "lang": "pt",
        "title": "",
        "cycles": "1",
        "duration": "1",
        "orden": "1"
    },
    {
        "codigo": "116",
        "wk_id": "60",
        "lang": "pt",
        "title": "",
        "cycles": "1",
        "duration": "1",
        "orden": "1"
    }
]
  
       