[
    {
        "codigo": "1",
        "lang": "pt",
        "title": "Respiração natural e fluida"
    },
    {
        "codigo": "2",
        "lang": "pt",
        "title": "Expirar ao levantar-se"
    },
    {
        "codigo": "3",
        "lang": "pt",
        "title": "Expirar ativando os abdominais"
    },
    {
        "codigo": "4",
        "lang": "pt",
        "title": "Forçar ligeiramente a flexão ao expirar"
    },
    {
        "codigo": "5",
        "lang": "pt",
        "title": "Costas alinhadas e firmes"
    },
    {
        "codigo": "6",
        "lang": "pt",
        "title": "Costas relaxadas"
    },
    {
        "codigo": "7",
        "lang": "pt",
        "title": "Corpo alinhado"
    },
    {
        "codigo": "8",
        "lang": "pt",
        "title": "Corpo horizontal"
    },
    {
        "codigo": "9",
        "lang": "pt",
        "title": "Pernas relaxadas"
    },
    {
        "codigo": "10",
        "lang": "pt",
        "title": "Pernas à largura dos ombros"
    },
    {
        "codigo": "11",
        "lang": "pt",
        "title": "Ativar o core"
    },
    {
        "codigo": "12",
        "lang": "pt",
        "title": "Corpo relaxado"
    },
    {
        "codigo": "13",
        "lang": "pt",
        "title": "Movimento fluido e controlado"
    },
    {
        "codigo": "14",
        "lang": "pt",
        "title": "Quadril alto"
    },
    {
        "codigo": "15",
        "lang": "pt",
        "title": "Quadris alinhados"
    },
    {
        "codigo": "16",
        "lang": "pt",
        "title": "Joelhos semi-fletidos"
    },
    {
        "codigo": "17",
        "lang": "pt",
        "title": "Extensão total dos braços"
    },
    {
        "codigo": "18",
        "lang": "pt",
        "title": "Braços junto ao corpo"
    },
    {
        "codigo": "19",
        "lang": "pt",
        "title": "Braços direitos/alinhados"
    },
    {
        "codigo": "20",
        "lang": "pt",
        "title": "Cotovelos semi-fletidos"
    },
    {
        "codigo": "21",
        "lang": "pt",
        "title": "Pé apontado para trás"
    },
    {
        "codigo": "22",
        "lang": "pt",
        "title": "Extensão do joelho traseiro"
    },
    {
        "codigo": "23",
        "lang": "pt",
        "title": "Ativar os abdominais"
    },
    {
        "codigo": "24",
        "lang": "pt",
        "title": "Pescoço relaxado"
    },
    {
        "codigo": "25",
        "lang": "pt",
        "title": "Contrair os glúteos"
    },
    {
        "codigo": "26",
        "lang": "pt",
        "title": "Levantar a bacia ativando os glúteos"
    },
    {
        "codigo": "27",
        "lang": "pt",
        "title": "Começar a andar"
    },
    {
        "codigo": "28",
        "lang": "pt",
        "title": "Fazer um esforço baixo a moderado"
    },
    {
        "codigo": "29",
        "lang": "pt",
        "title": "Aumentar a velocidade progressivamente"
    },
    {
        "codigo": "30",
        "lang": "pt",
        "title": "Gerir o seu próprio ritmo"
    },
    {
        "codigo": "31",
        "lang": "pt",
        "title": "Manter os olhos fechados"
    },
    {
        "codigo": "32",
        "lang": "pt",
        "title": "Evitar apoiar-se no calcanhar"
    },
    {
        "codigo": "33",
        "lang": "pt",
        "title": "Joelhos estendidos ou leve flexão"
    },
    {
        "codigo": "34",
        "lang": "pt",
        "title": "Manter o tronco direito"
    },
    {
        "codigo": "35",
        "lang": "pt",
        "title": "Dar passos curtos"
    },
    {
        "codigo": "36",
        "lang": "pt",
        "title": "Fazer pressão moderada"
    },
    {
        "codigo": "37",
        "lang": "pt",
        "title": "Rodar as costas e ancas"
    },
    {
        "codigo": "38",
        "lang": "pt",
        "title": "Empurrar as ancas para a frente"
    },
    {
        "codigo": "39",
        "lang": "pt",
        "title": "Levantar a bacia"
    },
    {
        "codigo": "40",
        "lang": "pt",
        "title": "Apoiar com as mãos e com os antebraços"
    },
    {
        "codigo": "41",
        "lang": "pt",
        "title": "Juntar as homoplatas"
    },
    {
        "codigo": "42",
        "lang": "pt",
        "title": "Manter os joelhos paralelos"
    },
    {
        "codigo": "43",
        "lang": "pt",
        "title": "Não arquear a zona lombar"
    }
]