[
    {
        "codigo": "412",
        "wkg_id": "86",
        "ex_id": "90",
        "lang": "pt",
        "title": "",
        "orden": "1",
        "sets": "3",
        "run": "15",
        "rest": "10"
    },
    {
        "codigo": "413",
        "wkg_id": "86",
        "ex_id": "150",
        "lang": "pt",
        "title": "",
        "orden": "2",
        "sets": "3",
        "run": "20",
        "rest": "10"
    },
    {
        "codigo": "414",
        "wkg_id": "86",
        "ex_id": "77",
        "lang": "pt",
        "title": "",
        "orden": "3",
        "sets": "3",
        "run": "15",
        "rest": "10"
    },
    {
        "codigo": "415",
        "wkg_id": "86",
        "ex_id": "5",
        "lang": "pt",
        "title": "",
        "orden": "4",
        "sets": "2",
        "run": "12",
        "rest": "10"
    },
    {
        "codigo": "416",
        "wkg_id": "86",
        "ex_id": "161",
        "lang": "pt",
        "title": "",
        "orden": "5",
        "sets": "2",
        "run": "10",
        "rest": "10"
    },
    {
        "codigo": "417",
        "wkg_id": "86",
        "ex_id": "145",
        "lang": "pt",
        "title": "",
        "orden": "6",
        "sets": "3",
        "run": "15",
        "rest": "10"
    },
    {
        "codigo": "418",
        "wkg_id": "87",
        "ex_id": "11",
        "lang": "pt",
        "title": "",
        "orden": "1",
        "sets": "2",
        "run": "20",
        "rest": "10"
    },
    {
        "codigo": "419",
        "wkg_id": "87",
        "ex_id": "61",
        "lang": "pt",
        "title": "Mudar de lado",
        "orden": "2",
        "sets": "2",
        "run": "20",
        "rest": "10"
    },
    {
        "codigo": "420",
        "wkg_id": "87",
        "ex_id": "84",
        "lang": "pt",
        "title": "",
        "orden": "3",
        "sets": "2",
        "run": "20",
        "rest": "10"
    },
    {
        "codigo": "421",
        "wkg_id": "87",
        "ex_id": "173",
        "lang": "pt",
        "title": "Mudar de lado",
        "orden": "4",
        "sets": "2",
        "run": "20",
        "rest": "10"
    },
    {
        "codigo": "422",
        "wkg_id": "87",
        "ex_id": "36",
        "lang": "pt",
        "title": "Mudar de lado",
        "orden": "5",
        "sets": "2",
        "run": "20",
        "rest": "10"
    },
    {
        "codigo": "423",
        "wkg_id": "87",
        "ex_id": "63",
        "lang": "pt",
        "title": "Mudar de lado",
        "orden": "6",
        "sets": "2",
        "run": "20",
        "rest": "10"
    },
    {
        "codigo": "424",
        "wkg_id": "87",
        "ex_id": "59",
        "lang": "pt",
        "title": "Mudar de lado",
        "orden": "7",
        "sets": "2",
        "run": "20",
        "rest": "10"
    },
    {
        "codigo": "425",
        "wkg_id": "87",
        "ex_id": "74",
        "lang": "pt",
        "title": "",
        "orden": "8",
        "sets": "2",
        "run": "20",
        "rest": "10"
    },
    {
        "codigo": "426",
        "wkg_id": "88",
        "ex_id": "77",
        "lang": "pt",
        "title": "",
        "orden": "1",
        "sets": "4",
        "run": "30",
        "rest": "30"
    },
    {
        "codigo": "427",
        "wkg_id": "88",
        "ex_id": "104",
        "lang": "pt",
        "title": "",
        "orden": "2",
        "sets": "3",
        "run": "8",
        "rest": "15"
    },
    {
        "codigo": "428",
        "wkg_id": "88",
        "ex_id": "137",
        "lang": "pt",
        "title": "",
        "orden": "3",
        "sets": "3",
        "run": "8",
        "rest": "10"
    },
    {
        "codigo": "429",
        "wkg_id": "88",
        "ex_id": "5",
        "lang": "pt",
        "title": "",
        "orden": "4",
        "sets": "3",
        "run": "15",
        "rest": "10"
    },
    {
        "codigo": "430",
        "wkg_id": "88",
        "ex_id": "145",
        "lang": "pt",
        "title": "",
        "orden": "5",
        "sets": "3",
        "run": "20",
        "rest": "15"
    },
    {
        "codigo": "431",
        "wkg_id": "88",
        "ex_id": "81",
        "lang": "pt",
        "title": "",
        "orden": "6",
        "sets": "3",
        "run": "15",
        "rest": "10"
    },
    {
        "codigo": "432",
        "wkg_id": "88",
        "ex_id": "183",
        "lang": "pt",
        "title": "",
        "orden": "7",
        "sets": "2",
        "run": "15",
        "rest": "10"
    },
    {
        "codigo": "433",
        "wkg_id": "89",
        "ex_id": "150",
        "lang": "pt",
        "title": "",
        "orden": "1",
        "sets": "4",
        "run": "30",
        "rest": "30"
    },
    {
        "codigo": "434",
        "wkg_id": "89",
        "ex_id": "68",
        "lang": "pt",
        "title": "Mudar de lado",
        "orden": "2",
        "sets": "3",
        "run": "12",
        "rest": "10"
    },
    {
        "codigo": "435",
        "wkg_id": "89",
        "ex_id": "57",
        "lang": "pt",
        "title": "",
        "orden": "3",
        "sets": "3",
        "run": "10",
        "rest": "10"
    },
    {
        "codigo": "436",
        "wkg_id": "89",
        "ex_id": "6",
        "lang": "pt",
        "title": "",
        "orden": "4",
        "sets": "3",
        "run": "12",
        "rest": "10"
    },
    {
        "codigo": "437",
        "wkg_id": "89",
        "ex_id": "123",
        "lang": "pt",
        "title": "",
        "orden": "5",
        "sets": "2",
        "run": "10",
        "rest": "10"
    },
    {
        "codigo": "438",
        "wkg_id": "89",
        "ex_id": "90",
        "lang": "pt",
        "title": "",
        "orden": "6",
        "sets": "3",
        "run": "12",
        "rest": "10"
    },
    {
        "codigo": "439",
        "wkg_id": "90",
        "ex_id": "77",
        "lang": "pt",
        "title": "",
        "orden": "1",
        "sets": "5",
        "run": "25",
        "rest": "25"
    },
    {
        "codigo": "440",
        "wkg_id": "90",
        "ex_id": "247",
        "lang": "pt",
        "title": "",
        "orden": "2",
        "sets": "3",
        "run": "12",
        "rest": "10"
    },
    {
        "codigo": "441",
        "wkg_id": "90",
        "ex_id": "161",
        "lang": "pt",
        "title": "",
        "orden": "3",
        "sets": "2",
        "run": "15",
        "rest": "10"
    },
    {
        "codigo": "442",
        "wkg_id": "90",
        "ex_id": "183",
        "lang": "pt",
        "title": "",
        "orden": "4",
        "sets": "3",
        "run": "15",
        "rest": "10"
    },
    {
        "codigo": "443",
        "wkg_id": "90",
        "ex_id": "150",
        "lang": "pt",
        "title": "",
        "orden": "5",
        "sets": "3",
        "run": "20",
        "rest": "10"
    },
    {
        "codigo": "444",
        "wkg_id": "90",
        "ex_id": "5",
        "lang": "pt",
        "title": "",
        "orden": "6",
        "sets": "2",
        "run": "15",
        "rest": "10"
    },
    {
        "codigo": "445",
        "wkg_id": "90",
        "ex_id": "81",
        "lang": "pt",
        "title": "",
        "orden": "7",
        "sets": "3",
        "run": "15",
        "rest": "10"
    },
    {
        "codigo": "446",
        "wkg_id": "91",
        "ex_id": "90",
        "lang": "pt",
        "title": "",
        "orden": "1",
        "sets": "4",
        "run": "30",
        "rest": "30"
    },
    {
        "codigo": "447",
        "wkg_id": "91",
        "ex_id": "137",
        "lang": "pt",
        "title": "",
        "orden": "2",
        "sets": "4",
        "run": "10",
        "rest": "10"
    },
    {
        "codigo": "448",
        "wkg_id": "91",
        "ex_id": "8",
        "lang": "pt",
        "title": "",
        "orden": "3",
        "sets": "3",
        "run": "10",
        "rest": "10"
    },
    {
        "codigo": "449",
        "wkg_id": "91",
        "ex_id": "25",
        "lang": "pt",
        "title": "Mudar de lado",
        "orden": "4",
        "sets": "3",
        "run": "15",
        "rest": "10"
    },
    {
        "codigo": "450",
        "wkg_id": "91",
        "ex_id": "104",
        "lang": "pt",
        "title": "",
        "orden": "5",
        "sets": "3",
        "run": "8",
        "rest": "10"
    },
    {
        "codigo": "451",
        "wkg_id": "91",
        "ex_id": "33",
        "lang": "pt",
        "title": "",
        "orden": "6",
        "sets": "3",
        "run": "15",
        "rest": "10"
    },
    {
        "codigo": "452",
        "wkg_id": "92",
        "ex_id": "169",
        "lang": "pt",
        "title": "",
        "orden": "1",
        "sets": "5",
        "run": "25",
        "rest": "25"
    },
    {
        "codigo": "453",
        "wkg_id": "92",
        "ex_id": "81",
        "lang": "pt",
        "title": "",
        "orden": "2",
        "sets": "3",
        "run": "15",
        "rest": "15"
    },
    {
        "codigo": "454",
        "wkg_id": "92",
        "ex_id": "44",
        "lang": "pt",
        "title": "",
        "orden": "3",
        "sets": "3",
        "run": "15",
        "rest": "15"
    },
    {
        "codigo": "455",
        "wkg_id": "92",
        "ex_id": "247",
        "lang": "pt",
        "title": "",
        "orden": "4",
        "sets": "3",
        "run": "12",
        "rest": "15"
    },
    {
        "codigo": "456",
        "wkg_id": "92",
        "ex_id": "183",
        "lang": "pt",
        "title": "",
        "orden": "5",
        "sets": "3",
        "run": "20",
        "rest": "15"
    },
    {
        "codigo": "457",
        "wkg_id": "92",
        "ex_id": "154",
        "lang": "pt",
        "title": "Mudar de lado",
        "orden": "6",
        "sets": "3",
        "run": "20",
        "rest": "15"
    },
    {
        "codigo": "458",
        "wkg_id": "93",
        "ex_id": "169",
        "lang": "pt",
        "title": "",
        "orden": "1",
        "sets": "4",
        "run": "30",
        "rest": "30"
    },
    {
        "codigo": "459",
        "wkg_id": "93",
        "ex_id": "90",
        "lang": "pt",
        "title": "",
        "orden": "2",
        "sets": "3",
        "run": "15",
        "rest": "20"
    },
    {
        "codigo": "460",
        "wkg_id": "93",
        "ex_id": "235",
        "lang": "pt",
        "title": "",
        "orden": "3",
        "sets": "3",
        "run": "20",
        "rest": "20"
    },
    {
        "codigo": "461",
        "wkg_id": "93",
        "ex_id": "77",
        "lang": "pt",
        "title": "",
        "orden": "4",
        "sets": "3",
        "run": "20",
        "rest": "20"
    },
    {
        "codigo": "462",
        "wkg_id": "93",
        "ex_id": "150",
        "lang": "pt",
        "title": "",
        "orden": "5",
        "sets": "3",
        "run": "20",
        "rest": "20"
    },
    {
        "codigo": "463",
        "wkg_id": "93",
        "ex_id": "247",
        "lang": "pt",
        "title": "",
        "orden": "6",
        "sets": "3",
        "run": "12",
        "rest": "20"
    },
    {
        "codigo": "464",
        "wkg_id": "94",
        "ex_id": "169",
        "lang": "pt",
        "title": "",
        "orden": "1",
        "sets": "6",
        "run": "30",
        "rest": "30"
    },
    {
        "codigo": "465",
        "wkg_id": "94",
        "ex_id": "81",
        "lang": "pt",
        "title": "",
        "orden": "2",
        "sets": "6",
        "run": "30",
        "rest": "30"
    },
    {
        "codigo": "466",
        "wkg_id": "94",
        "ex_id": "145",
        "lang": "pt",
        "title": "",
        "orden": "3",
        "sets": "2",
        "run": "20",
        "rest": "15"
    },
    {
        "codigo": "467",
        "wkg_id": "94",
        "ex_id": "150",
        "lang": "pt",
        "title": "",
        "orden": "4",
        "sets": "2",
        "run": "20",
        "rest": "15"
    },
    {
        "codigo": "468",
        "wkg_id": "94",
        "ex_id": "77",
        "lang": "pt",
        "title": "",
        "orden": "5",
        "sets": "5",
        "run": "40",
        "rest": "30"
    },
    {
        "codigo": "469",
        "wkg_id": "95",
        "ex_id": "77",
        "lang": "pt",
        "title": "",
        "orden": "1",
        "sets": "3",
        "run": "10",
        "rest": "15"
    },
    {
        "codigo": "470",
        "wkg_id": "95",
        "ex_id": "161",
        "lang": "pt",
        "title": "",
        "orden": "2",
        "sets": "3",
        "run": "20",
        "rest": "15"
    },
    {
        "codigo": "471",
        "wkg_id": "95",
        "ex_id": "247",
        "lang": "pt",
        "title": "",
        "orden": "3",
        "sets": "3",
        "run": "15",
        "rest": "15"
    },
    {
        "codigo": "472",
        "wkg_id": "95",
        "ex_id": "123",
        "lang": "pt",
        "title": "",
        "orden": "4",
        "sets": "3",
        "run": "8",
        "rest": "15"
    },
    {
        "codigo": "473",
        "wkg_id": "95",
        "ex_id": "150",
        "lang": "pt",
        "title": "",
        "orden": "5",
        "sets": "3",
        "run": "12",
        "rest": "15"
    },
    {
        "codigo": "474",
        "wkg_id": "95",
        "ex_id": "90",
        "lang": "pt",
        "title": "",
        "orden": "6",
        "sets": "3",
        "run": "12",
        "rest": "15"
    },
    {
        "codigo": "475",
        "wkg_id": "95",
        "ex_id": "155",
        "lang": "pt",
        "title": "Mudar de lado",
        "orden": "7",
        "sets": "3",
        "run": "15",
        "rest": "15"
    },
    {
        "codigo": "476",
        "wkg_id": "96",
        "ex_id": "90",
        "lang": "pt",
        "title": "",
        "orden": "1",
        "sets": "4",
        "run": "30",
        "rest": "30"
    },
    {
        "codigo": "477",
        "wkg_id": "96",
        "ex_id": "123",
        "lang": "pt",
        "title": "",
        "orden": "2",
        "sets": "3",
        "run": "15",
        "rest": "15"
    },
    {
        "codigo": "478",
        "wkg_id": "96",
        "ex_id": "8",
        "lang": "pt",
        "title": "",
        "orden": "3",
        "sets": "3",
        "run": "15",
        "rest": "15"
    },
    {
        "codigo": "479",
        "wkg_id": "96",
        "ex_id": "80",
        "lang": "pt",
        "title": "",
        "orden": "4",
        "sets": "3",
        "run": "20",
        "rest": "15"
    },
    {
        "codigo": "480",
        "wkg_id": "96",
        "ex_id": "68",
        "lang": "pt",
        "title": "",
        "orden": "5",
        "sets": "3",
        "run": "20",
        "rest": "15"
    },
    {
        "codigo": "481",
        "wkg_id": "96",
        "ex_id": "144",
        "lang": "pt",
        "title": "",
        "orden": "6",
        "sets": "3",
        "run": "20",
        "rest": "15"
    },
    {
        "codigo": "482",
        "wkg_id": "96",
        "ex_id": "57",
        "lang": "pt",
        "title": "",
        "orden": "7",
        "sets": "3",
        "run": "20",
        "rest": "15"
    },
    {
        "codigo": "483",
        "wkg_id": "96",
        "ex_id": "220",
        "lang": "pt",
        "title": "",
        "orden": "8",
        "sets": "3",
        "run": "15",
        "rest": "15"
    },
    {
        "codigo": "484",
        "wkg_id": "97",
        "ex_id": "77",
        "lang": "pt",
        "title": "",
        "orden": "1",
        "sets": "5",
        "run": "25",
        "rest": "25"
    },
    {
        "codigo": "485",
        "wkg_id": "97",
        "ex_id": "5",
        "lang": "pt",
        "title": "",
        "orden": "2",
        "sets": "3",
        "run": "15",
        "rest": "15"
    },
    {
        "codigo": "486",
        "wkg_id": "97",
        "ex_id": "247",
        "lang": "pt",
        "title": "",
        "orden": "3",
        "sets": "3",
        "run": "15",
        "rest": "15"
    },
    {
        "codigo": "487",
        "wkg_id": "97",
        "ex_id": "246",
        "lang": "pt",
        "title": "Mudar de lado",
        "orden": "4",
        "sets": "3",
        "run": "20",
        "rest": "15"
    },
    {
        "codigo": "488",
        "wkg_id": "97",
        "ex_id": "183",
        "lang": "pt",
        "title": "",
        "orden": "5",
        "sets": "3",
        "run": "20",
        "rest": "15"
    },
    {
        "codigo": "489",
        "wkg_id": "97",
        "ex_id": "81",
        "lang": "pt",
        "title": "",
        "orden": "6",
        "sets": "3",
        "run": "15",
        "rest": "15"
    },
    {
        "codigo": "490",
        "wkg_id": "97",
        "ex_id": "150",
        "lang": "pt",
        "title": "",
        "orden": "7",
        "sets": "3",
        "run": "15",
        "rest": "15"
    },
    {
        "codigo": "491",
        "wkg_id": "97",
        "ex_id": "161",
        "lang": "pt",
        "title": "",
        "orden": "8",
        "sets": "3",
        "run": "15",
        "rest": "15"
    },
    {
        "codigo": "492",
        "wkg_id": "98",
        "ex_id": "90",
        "lang": "pt",
        "title": "",
        "orden": "1",
        "sets": "4",
        "run": "30",
        "rest": "30"
    },
    {
        "codigo": "493",
        "wkg_id": "98",
        "ex_id": "104",
        "lang": "pt",
        "title": "",
        "orden": "2",
        "sets": "3",
        "run": "12",
        "rest": "10"
    },
    {
        "codigo": "494",
        "wkg_id": "98",
        "ex_id": "68",
        "lang": "pt",
        "title": "",
        "orden": "3",
        "sets": "3",
        "run": "12",
        "rest": "10"
    },
    {
        "codigo": "495",
        "wkg_id": "98",
        "ex_id": "139",
        "lang": "pt",
        "title": "Mudar de lado",
        "orden": "4",
        "sets": "3",
        "run": "12",
        "rest": "10"
    },
    {
        "codigo": "496",
        "wkg_id": "98",
        "ex_id": "95",
        "lang": "pt",
        "title": "Mudar de lado",
        "orden": "5",
        "sets": "3",
        "run": "20",
        "rest": "10"
    },
    {
        "codigo": "497",
        "wkg_id": "98",
        "ex_id": "33",
        "lang": "pt",
        "title": "",
        "orden": "6",
        "sets": "3",
        "run": "20",
        "rest": "10"
    },
    {
        "codigo": "498",
        "wkg_id": "98",
        "ex_id": "220",
        "lang": "pt",
        "title": "",
        "orden": "7",
        "sets": "3",
        "run": "15",
        "rest": "10"
    },
    {
        "codigo": "499",
        "wkg_id": "99",
        "ex_id": "169",
        "lang": "pt",
        "title": "",
        "orden": "1",
        "sets": "5",
        "run": "25",
        "rest": "25"
    },
    {
        "codigo": "500",
        "wkg_id": "99",
        "ex_id": "5",
        "lang": "pt",
        "title": "",
        "orden": "2",
        "sets": "3",
        "run": "15",
        "rest": "20"
    },
    {
        "codigo": "501",
        "wkg_id": "99",
        "ex_id": "139",
        "lang": "pt",
        "title": "Mudar de lado",
        "orden": "3",
        "sets": "3",
        "run": "15",
        "rest": "20"
    },
    {
        "codigo": "502",
        "wkg_id": "99",
        "ex_id": "183",
        "lang": "pt",
        "title": "",
        "orden": "4",
        "sets": "3",
        "run": "20",
        "rest": "20"
    },
    {
        "codigo": "503",
        "wkg_id": "99",
        "ex_id": "246",
        "lang": "pt",
        "title": "Mudar de lado",
        "orden": "5",
        "sets": "3",
        "run": "20",
        "rest": "20"
    },
    {
        "codigo": "504",
        "wkg_id": "99",
        "ex_id": "247",
        "lang": "pt",
        "title": "Mudar de lado",
        "orden": "6",
        "sets": "3",
        "run": "15",
        "rest": "20"
    },
    {
        "codigo": "505",
        "wkg_id": "99",
        "ex_id": "81",
        "lang": "pt",
        "title": "",
        "orden": "7",
        "sets": "3",
        "run": "15",
        "rest": "20"
    },
    {
        "codigo": "506",
        "wkg_id": "99",
        "ex_id": "161",
        "lang": "pt",
        "title": "",
        "orden": "8",
        "sets": "3",
        "run": "15",
        "rest": "20"
    },
    {
        "codigo": "507",
        "wkg_id": "100",
        "ex_id": "150",
        "lang": "pt",
        "title": "",
        "orden": "1",
        "sets": "4",
        "run": "30",
        "rest": "30"
    },
    {
        "codigo": "508",
        "wkg_id": "100",
        "ex_id": "27",
        "lang": "pt",
        "title": "",
        "orden": "2",
        "sets": "4",
        "run": "30",
        "rest": "30"
    },
    {
        "codigo": "509",
        "wkg_id": "100",
        "ex_id": "5",
        "lang": "pt",
        "title": "",
        "orden": "3",
        "sets": "3",
        "run": "20",
        "rest": "15"
    },
    {
        "codigo": "510",
        "wkg_id": "100",
        "ex_id": "145",
        "lang": "pt",
        "title": "Mudar de lado",
        "orden": "4",
        "sets": "3",
        "run": "20",
        "rest": "15"
    },
    {
        "codigo": "511",
        "wkg_id": "100",
        "ex_id": "90",
        "lang": "pt",
        "title": "",
        "orden": "5",
        "sets": "3",
        "run": "15",
        "rest": "15"
    },
    {
        "codigo": "512",
        "wkg_id": "100",
        "ex_id": "220",
        "lang": "pt",
        "title": "",
        "orden": "6",
        "sets": "3",
        "run": "15",
        "rest": "15"
    },
    {
        "codigo": "513",
        "wkg_id": "100",
        "ex_id": "150",
        "lang": "pt",
        "title": "",
        "orden": "7",
        "sets": "4",
        "run": "20",
        "rest": "15"
    },
    {
        "codigo": "514",
        "wkg_id": "101",
        "ex_id": "169",
        "lang": "pt",
        "title": "",
        "orden": "1",
        "sets": "6",
        "run": "30",
        "rest": "30"
    },
    {
        "codigo": "515",
        "wkg_id": "101",
        "ex_id": "77",
        "lang": "pt",
        "title": "",
        "orden": "2",
        "sets": "6",
        "run": "30",
        "rest": "30"
    },
    {
        "codigo": "516",
        "wkg_id": "101",
        "ex_id": "27",
        "lang": "pt",
        "title": "",
        "orden": "3",
        "sets": "2",
        "run": "20",
        "rest": "15"
    },
    {
        "codigo": "517",
        "wkg_id": "101",
        "ex_id": "155",
        "lang": "pt",
        "title": "Mudar de lado",
        "orden": "4",
        "sets": "3",
        "run": "20",
        "rest": "15"
    },
    {
        "codigo": "518",
        "wkg_id": "101",
        "ex_id": "161",
        "lang": "pt",
        "title": "",
        "orden": "5",
        "sets": "3",
        "run": "20",
        "rest": "15"
    },
    {
        "codigo": "519",
        "wkg_id": "101",
        "ex_id": "44",
        "lang": "pt",
        "title": "",
        "orden": "6",
        "sets": "2",
        "run": "20",
        "rest": "15"
    },
    {
        "codigo": "520",
        "wkg_id": "101",
        "ex_id": "150",
        "lang": "pt",
        "title": "",
        "orden": "7",
        "sets": "2",
        "run": "25",
        "rest": "15"
    },
    {
        "codigo": "521",
        "wkg_id": "102",
        "ex_id": "150",
        "lang": "pt",
        "title": "",
        "orden": "1",
        "sets": "6",
        "run": "40",
        "rest": "30"
    },
    {
        "codigo": "522",
        "wkg_id": "102",
        "ex_id": "90",
        "lang": "pt",
        "title": "",
        "orden": "2",
        "sets": "3",
        "run": "10",
        "rest": "15"
    },
    {
        "codigo": "523",
        "wkg_id": "102",
        "ex_id": "161",
        "lang": "pt",
        "title": "",
        "orden": "3",
        "sets": "3",
        "run": "10",
        "rest": "15"
    },
    {
        "codigo": "524",
        "wkg_id": "102",
        "ex_id": "155",
        "lang": "pt",
        "title": "Mudar de lado",
        "orden": "4",
        "sets": "2",
        "run": "20",
        "rest": "15"
    },
    {
        "codigo": "525",
        "wkg_id": "102",
        "ex_id": "80",
        "lang": "pt",
        "title": "",
        "orden": "5",
        "sets": "3",
        "run": "15",
        "rest": "15"
    },
    {
        "codigo": "526",
        "wkg_id": "102",
        "ex_id": "44",
        "lang": "pt",
        "title": "",
        "orden": "6",
        "sets": "2",
        "run": "20",
        "rest": "15"
    },
    {
        "codigo": "527",
        "wkg_id": "102",
        "ex_id": "80",
        "lang": "pt",
        "title": "",
        "orden": "7",
        "sets": "3",
        "run": "10",
        "rest": "15"
    },
    {
        "codigo": "528",
        "wkg_id": "102",
        "ex_id": "27",
        "lang": "pt",
        "title": "",
        "orden": "8",
        "sets": "3",
        "run": "10",
        "rest": "15"
    },
    {
        "codigo": "529",
        "wkg_id": "103",
        "ex_id": "90",
        "lang": "pt",
        "title": "",
        "orden": "1",
        "sets": "6",
        "run": "30",
        "rest": "30"
    },
    {
        "codigo": "530",
        "wkg_id": "103",
        "ex_id": "123",
        "lang": "pt",
        "title": "",
        "orden": "2",
        "sets": "3",
        "run": "15",
        "rest": "15"
    },
    {
        "codigo": "531",
        "wkg_id": "103",
        "ex_id": "8",
        "lang": "pt",
        "title": "",
        "orden": "3",
        "sets": "3",
        "run": "15",
        "rest": "15"
    },
    {
        "codigo": "532",
        "wkg_id": "103",
        "ex_id": "57",
        "lang": "pt",
        "title": "",
        "orden": "4",
        "sets": "3",
        "run": "10",
        "rest": "15"
    },
    {
        "codigo": "533",
        "wkg_id": "103",
        "ex_id": "220",
        "lang": "pt",
        "title": "",
        "orden": "5",
        "sets": "3",
        "run": "15",
        "rest": "15"
    },
    {
        "codigo": "534",
        "wkg_id": "103",
        "ex_id": "68",
        "lang": "pt",
        "title": "Cambio de lado",
        "orden": "6",
        "sets": "3",
        "run": "20",
        "rest": "15"
    },
    {
        "codigo": "535",
        "wkg_id": "103",
        "ex_id": "80",
        "lang": "pt",
        "title": "",
        "orden": "7",
        "sets": "3",
        "run": "15",
        "rest": "15"
    },
    {
        "codigo": "536",
        "wkg_id": "103",
        "ex_id": "95",
        "lang": "pt",
        "title": "Mudar de lado",
        "orden": "8",
        "sets": "3",
        "run": "15",
        "rest": "15"
    },
    {
        "codigo": "537",
        "wkg_id": "103",
        "ex_id": "33",
        "lang": "pt",
        "title": "",
        "orden": "9",
        "sets": "3",
        "run": "15",
        "rest": "15"
    },
    {
        "codigo": "538",
        "wkg_id": "104",
        "ex_id": "77",
        "lang": "pt",
        "title": "",
        "orden": "1",
        "sets": "6",
        "run": "30",
        "rest": "30"
    },
    {
        "codigo": "539",
        "wkg_id": "104",
        "ex_id": "183",
        "lang": "pt",
        "title": "",
        "orden": "2",
        "sets": "4",
        "run": "15",
        "rest": "15"
    },
    {
        "codigo": "540",
        "wkg_id": "104",
        "ex_id": "81",
        "lang": "pt",
        "title": "",
        "orden": "3",
        "sets": "4",
        "run": "15",
        "rest": "15"
    },
    {
        "codigo": "541",
        "wkg_id": "104",
        "ex_id": "247",
        "lang": "pt",
        "title": "",
        "orden": "4",
        "sets": "3",
        "run": "15",
        "rest": "15"
    },
    {
        "codigo": "542",
        "wkg_id": "104",
        "ex_id": "246",
        "lang": "pt",
        "title": "Mudar de lado",
        "orden": "5",
        "sets": "3",
        "run": "12",
        "rest": "15"
    },
    {
        "codigo": "543",
        "wkg_id": "104",
        "ex_id": "44",
        "lang": "pt",
        "title": "",
        "orden": "6",
        "sets": "4",
        "run": "15",
        "rest": "15"
    },
    {
        "codigo": "544",
        "wkg_id": "104",
        "ex_id": "161",
        "lang": "pt",
        "title": "",
        "orden": "7",
        "sets": "4",
        "run": "15",
        "rest": "15"
    },
    {
        "codigo": "545",
        "wkg_id": "105",
        "ex_id": "77",
        "lang": "pt",
        "title": "",
        "orden": "1",
        "sets": "5",
        "run": "45",
        "rest": "30"
    },
    {
        "codigo": "546",
        "wkg_id": "105",
        "ex_id": "33",
        "lang": "pt",
        "title": "",
        "orden": "2",
        "sets": "3",
        "run": "20",
        "rest": "15"
    },
    {
        "codigo": "547",
        "wkg_id": "105",
        "ex_id": "90",
        "lang": "pt",
        "title": "",
        "orden": "3",
        "sets": "3",
        "run": "15",
        "rest": "15"
    },
    {
        "codigo": "548",
        "wkg_id": "105",
        "ex_id": "68",
        "lang": "pt",
        "title": "",
        "orden": "4",
        "sets": "3",
        "run": "20",
        "rest": "15"
    },
    {
        "codigo": "549",
        "wkg_id": "105",
        "ex_id": "220",
        "lang": "pt",
        "title": "",
        "orden": "5",
        "sets": "3",
        "run": "20",
        "rest": "15"
    },
    {
        "codigo": "550",
        "wkg_id": "105",
        "ex_id": "95",
        "lang": "pt",
        "title": "Mudar de lado",
        "orden": "6",
        "sets": "3",
        "run": "15",
        "rest": "15"
    },
    {
        "codigo": "551",
        "wkg_id": "105",
        "ex_id": "139",
        "lang": "pt",
        "title": "",
        "orden": "7",
        "sets": "2",
        "run": "20",
        "rest": "15"
    },
    {
        "codigo": "552",
        "wkg_id": "105",
        "ex_id": "123",
        "lang": "pt",
        "title": "",
        "orden": "8",
        "sets": "2",
        "run": "20",
        "rest": "15"
    },
    {
        "codigo": "553",
        "wkg_id": "105",
        "ex_id": "8",
        "lang": "pt",
        "title": "",
        "orden": "9",
        "sets": "3",
        "run": "15",
        "rest": "15"
    },
    {
        "codigo": "554",
        "wkg_id": "106",
        "ex_id": "169",
        "lang": "pt",
        "title": "",
        "orden": "1",
        "sets": "6",
        "run": "30",
        "rest": "30"
    },
    {
        "codigo": "555",
        "wkg_id": "106",
        "ex_id": "246",
        "lang": "pt",
        "title": "Mudar de lado",
        "orden": "2",
        "sets": "4",
        "run": "10",
        "rest": "15"
    },
    {
        "codigo": "556",
        "wkg_id": "106",
        "ex_id": "44",
        "lang": "pt",
        "title": "",
        "orden": "3",
        "sets": "4",
        "run": "12",
        "rest": "15"
    },
    {
        "codigo": "557",
        "wkg_id": "106",
        "ex_id": "247",
        "lang": "pt",
        "title": "",
        "orden": "4",
        "sets": "4",
        "run": "12",
        "rest": "15"
    },
    {
        "codigo": "558",
        "wkg_id": "106",
        "ex_id": "161",
        "lang": "pt",
        "title": "",
        "orden": "5",
        "sets": "3",
        "run": "15",
        "rest": "15"
    },
    {
        "codigo": "559",
        "wkg_id": "106",
        "ex_id": "81",
        "lang": "pt",
        "title": "",
        "orden": "6",
        "sets": "3",
        "run": "15",
        "rest": "15"
    },
    {
        "codigo": "560",
        "wkg_id": "106",
        "ex_id": "77",
        "lang": "pt",
        "title": "",
        "orden": "7",
        "sets": "3",
        "run": "15",
        "rest": "15"
    },
    {
        "codigo": "561",
        "wkg_id": "107",
        "ex_id": "27",
        "lang": "pt",
        "title": "",
        "orden": "1",
        "sets": "7",
        "run": "25",
        "rest": "30"
    },
    {
        "codigo": "562",
        "wkg_id": "107",
        "ex_id": "77",
        "lang": "pt",
        "title": "",
        "orden": "2",
        "sets": "4",
        "run": "15",
        "rest": "15"
    },
    {
        "codigo": "563",
        "wkg_id": "107",
        "ex_id": "5",
        "lang": "pt",
        "title": "",
        "orden": "3",
        "sets": "4",
        "run": "15",
        "rest": "15"
    },
    {
        "codigo": "564",
        "wkg_id": "107",
        "ex_id": "44",
        "lang": "pt",
        "title": "",
        "orden": "4",
        "sets": "4",
        "run": "15",
        "rest": "15"
    },
    {
        "codigo": "565",
        "wkg_id": "107",
        "ex_id": "123",
        "lang": "pt",
        "title": "",
        "orden": "5",
        "sets": "4",
        "run": "15",
        "rest": "15"
    },
    {
        "codigo": "566",
        "wkg_id": "107",
        "ex_id": "80",
        "lang": "pt",
        "title": "",
        "orden": "6",
        "sets": "4",
        "run": "15",
        "rest": "15"
    },
    {
        "codigo": "567",
        "wkg_id": "107",
        "ex_id": "90",
        "lang": "pt",
        "title": "",
        "orden": "7",
        "sets": "4",
        "run": "10",
        "rest": "15"
    },
    {
        "codigo": "568",
        "wkg_id": "107",
        "ex_id": "161",
        "lang": "pt",
        "title": "",
        "orden": "8",
        "sets": "4",
        "run": "10",
        "rest": "15"
    },
    {
        "codigo": "569",
        "wkg_id": "108",
        "ex_id": "27",
        "lang": "pt",
        "title": "",
        "orden": "1",
        "sets": "4",
        "run": "12",
        "rest": "10"
    },
    {
        "codigo": "570",
        "wkg_id": "108",
        "ex_id": "161",
        "lang": "pt",
        "title": "",
        "orden": "2",
        "sets": "4",
        "run": "12",
        "rest": "10"
    },
    {
        "codigo": "571",
        "wkg_id": "108",
        "ex_id": "44",
        "lang": "pt",
        "title": "",
        "orden": "3",
        "sets": "4",
        "run": "15",
        "rest": "10"
    },
    {
        "codigo": "572",
        "wkg_id": "108",
        "ex_id": "155",
        "lang": "pt",
        "title": "Mudar de lado",
        "orden": "4",
        "sets": "3",
        "run": "20",
        "rest": "10"
    },
    {
        "codigo": "573",
        "wkg_id": "108",
        "ex_id": "145",
        "lang": "pt",
        "title": "Mudar de lado",
        "orden": "5",
        "sets": "3",
        "run": "20",
        "rest": "10"
    },
    {
        "codigo": "574",
        "wkg_id": "108",
        "ex_id": "90",
        "lang": "pt",
        "title": "",
        "orden": "6",
        "sets": "3",
        "run": "20",
        "rest": "10"
    },
    {
        "codigo": "575",
        "wkg_id": "109",
        "ex_id": "150",
        "lang": "pt",
        "title": "",
        "orden": "1",
        "sets": "4",
        "run": "20",
        "rest": "10"
    },
    {
        "codigo": "576",
        "wkg_id": "109",
        "ex_id": "183",
        "lang": "pt",
        "title": "",
        "orden": "2",
        "sets": "4",
        "run": "15",
        "rest": "10"
    },
    {
        "codigo": "577",
        "wkg_id": "109",
        "ex_id": "81",
        "lang": "pt",
        "title": "",
        "orden": "3",
        "sets": "4",
        "run": "15",
        "rest": "10"
    },
    {
        "codigo": "578",
        "wkg_id": "109",
        "ex_id": "90",
        "lang": "pt",
        "title": "",
        "orden": "4",
        "sets": "3",
        "run": "20",
        "rest": "10"
    },
    {
        "codigo": "579",
        "wkg_id": "109",
        "ex_id": "154",
        "lang": "pt",
        "title": "Mudar de lado",
        "orden": "5",
        "sets": "3",
        "run": "20",
        "rest": "10"
    },
    {
        "codigo": "580",
        "wkg_id": "109",
        "ex_id": "169",
        "lang": "pt",
        "title": "",
        "orden": "6",
        "sets": "3",
        "run": "20",
        "rest": "10"
    },
    {
        "codigo": "581",
        "wkg_id": "109",
        "ex_id": "243",
        "lang": "pt",
        "title": "",
        "orden": "7",
        "sets": "3",
        "run": "15",
        "rest": "10"
    },
    {
        "codigo": "582",
        "wkg_id": "110",
        "ex_id": "226",
        "lang": "pt",
        "title": "",
        "orden": "1",
        "sets": "4",
        "run": "12",
        "rest": "10"
    },
    {
        "codigo": "583",
        "wkg_id": "110",
        "ex_id": "235",
        "lang": "pt",
        "title": "",
        "orden": "2",
        "sets": "3",
        "run": "20",
        "rest": "10"
    },
    {
        "codigo": "584",
        "wkg_id": "110",
        "ex_id": "139",
        "lang": "pt",
        "title": "Mudar de lado",
        "orden": "3",
        "sets": "4",
        "run": "15",
        "rest": "10"
    },
    {
        "codigo": "585",
        "wkg_id": "110",
        "ex_id": "223",
        "lang": "pt",
        "title": "",
        "orden": "4",
        "sets": "3",
        "run": "15",
        "rest": "10"
    },
    {
        "codigo": "586",
        "wkg_id": "110",
        "ex_id": "217",
        "lang": "pt",
        "title": "Mudar de lado",
        "orden": "5",
        "sets": "4",
        "run": "15",
        "rest": "10"
    },
    {
        "codigo": "587",
        "wkg_id": "110",
        "ex_id": "5",
        "lang": "pt",
        "title": "",
        "orden": "6",
        "sets": "4",
        "run": "15",
        "rest": "10"
    },
    {
        "codigo": "588",
        "wkg_id": "111",
        "ex_id": "252",
        "lang": "pt",
        "title": "Mudar de lado",
        "orden": "1",
        "sets": "4",
        "run": "15",
        "rest": "10"
    },
    {
        "codigo": "589",
        "wkg_id": "111",
        "ex_id": "233",
        "lang": "pt",
        "title": "",
        "orden": "2",
        "sets": "4",
        "run": "15",
        "rest": "10"
    },
    {
        "codigo": "590",
        "wkg_id": "111",
        "ex_id": "123",
        "lang": "pt",
        "title": "",
        "orden": "3",
        "sets": "3",
        "run": "8",
        "rest": "10"
    },
    {
        "codigo": "591",
        "wkg_id": "111",
        "ex_id": "208",
        "lang": "pt",
        "title": "Mudar de lado",
        "orden": "4",
        "sets": "3",
        "run": "15",
        "rest": "10"
    },
    {
        "codigo": "592",
        "wkg_id": "111",
        "ex_id": "236",
        "lang": "pt",
        "title": "",
        "orden": "5",
        "sets": "3",
        "run": "15",
        "rest": "10"
    },
    {
        "codigo": "593",
        "wkg_id": "111",
        "ex_id": "104",
        "lang": "pt",
        "title": "",
        "orden": "6",
        "sets": "4",
        "run": "10",
        "rest": "10"
    },
    {
        "codigo": "594",
        "wkg_id": "112",
        "ex_id": "104",
        "lang": "pt",
        "title": "",
        "orden": "1",
        "sets": "4",
        "run": "10",
        "rest": "10"
    },
    {
        "codigo": "595",
        "wkg_id": "112",
        "ex_id": "144",
        "lang": "pt",
        "title": "Mudar de lado",
        "orden": "2",
        "sets": "3",
        "run": "10",
        "rest": "10"
    },
    {
        "codigo": "596",
        "wkg_id": "112",
        "ex_id": "137",
        "lang": "pt",
        "title": "",
        "orden": "3",
        "sets": "4",
        "run": "15",
        "rest": "10"
    },
    {
        "codigo": "597",
        "wkg_id": "112",
        "ex_id": "8",
        "lang": "pt",
        "title": "",
        "orden": "4",
        "sets": "3",
        "run": "15",
        "rest": "10"
    },
    {
        "codigo": "598",
        "wkg_id": "112",
        "ex_id": "25",
        "lang": "pt",
        "title": "Mudar de lado",
        "orden": "5",
        "sets": "4",
        "run": "15",
        "rest": "10"
    },
    {
        "codigo": "599",
        "wkg_id": "112",
        "ex_id": "247",
        "lang": "pt",
        "title": "",
        "orden": "6",
        "sets": "3",
        "run": "20",
        "rest": "10"
    },
    {
        "codigo": "600",
        "wkg_id": "113",
        "ex_id": "184",
        "lang": "pt",
        "title": "",
        "orden": "1",
        "sets": "3",
        "run": "15",
        "rest": "30"
    },
    {
        "codigo": "601",
        "wkg_id": "113",
        "ex_id": "164",
        "lang": "pt",
        "title": "",
        "orden": "2",
        "sets": "3",
        "run": "15",
        "rest": "30"
    },
    {
        "codigo": "602",
        "wkg_id": "113",
        "ex_id": "105",
        "lang": "pt",
        "title": "",
        "orden": "3",
        "sets": "3",
        "run": "15",
        "rest": "30"
    },
    {
        "codigo": "603",
        "wkg_id": "113",
        "ex_id": "96",
        "lang": "pt",
        "title": "",
        "orden": "4",
        "sets": "3",
        "run": "15",
        "rest": "30"
    },
    {
        "codigo": "604",
        "wkg_id": "113",
        "ex_id": "92",
        "lang": "pt",
        "title": "",
        "orden": "5",
        "sets": "3",
        "run": "15",
        "rest": "30"
    },
    {
        "codigo": "605",
        "wkg_id": "113",
        "ex_id": "71",
        "lang": "pt",
        "title": "",
        "orden": "6",
        "sets": "3",
        "run": "15",
        "rest": "30"
    },
    {
        "codigo": "606",
        "wkg_id": "113",
        "ex_id": "53",
        "lang": "pt",
        "title": "Mudar de lado",
        "orden": "7",
        "sets": "3",
        "run": "30",
        "rest": "10"
    },
    {
        "codigo": "608",
        "wkg_id": "113",
        "ex_id": "999",
        "lang": "pt",
        "title": "Mudar de lado",
        "orden": "8",
        "sets": "3",
        "run": "30",
        "rest": "10"
    },
    {
        "codigo": "610",
        "wkg_id": "113",
        "ex_id": "35",
        "lang": "pt",
        "title": "Mudar de lado",
        "orden": "9",
        "sets": "3",
        "run": "30",
        "rest": "10"
    },
    {
        "codigo": "611",
        "wkg_id": "113",
        "ex_id": "198",
        "lang": "pt",
        "title": "Mudar de lado",
        "orden": "10",
        "sets": "3",
        "run": "30",
        "rest": "10"
    },
    {
        "codigo": "613",
        "wkg_id": "113",
        "ex_id": "83",
        "lang": "pt",
        "title": "",
        "orden": "11",
        "sets": "3",
        "run": "15",
        "rest": "10"
    },
    {
        "codigo": "614",
        "wkg_id": "114",
        "ex_id": "89",
        "lang": "pt",
        "title": "Duração: 5 minutos",
        "orden": "1",
        "sets": "1",
        "run": "300",
        "rest": "30"
    },
    {
        "codigo": "615",
        "wkg_id": "114",
        "ex_id": "71",
        "lang": "pt",
        "title": "",
        "orden": "2",
        "sets": "4",
        "run": "15",
        "rest": "10"
    },
    {
        "codigo": "616",
        "wkg_id": "114",
        "ex_id": "79",
        "lang": "pt",
        "title": "",
        "orden": "3",
        "sets": "4",
        "run": "15",
        "rest": "10"
    },
    {
        "codigo": "617",
        "wkg_id": "114",
        "ex_id": "89",
        "lang": "pt",
        "title": "Duración: 5 minutos",
        "orden": "4",
        "sets": "1",
        "run": "300",
        "rest": "30"
    },
    {
        "codigo": "618",
        "wkg_id": "114",
        "ex_id": "171",
        "lang": "pt",
        "title": "",
        "orden": "5",
        "sets": "4",
        "run": "15",
        "rest": "10"
    },
    {
        "codigo": "619",
        "wkg_id": "114",
        "ex_id": "121",
        "lang": "pt",
        "title": "",
        "orden": "6",
        "sets": "4",
        "run": "15",
        "rest": "10"
    },
    {
        "codigo": "620",
        "wkg_id": "114",
        "ex_id": "89",
        "lang": "pt",
        "title": "Duración: 8 minutos",
        "orden": "7",
        "sets": "1",
        "run": "300",
        "rest": "30"
    },
    {
        "codigo": "621",
        "wkg_id": "114",
        "ex_id": "105",
        "lang": "pt",
        "title": "",
        "orden": "8",
        "sets": "1",
        "run": "30",
        "rest": "10"
    },
    {
        "codigo": "622",
        "wkg_id": "114",
        "ex_id": "140",
        "lang": "pt",
        "title": "Mudar de lado",
        "orden": "9",
        "sets": "1",
        "run": "60",
        "rest": "10"
    },
    {
        "codigo": "623",
        "wkg_id": "114",
        "ex_id": "87",
        "lang": "pt",
        "title": "",
        "orden": "10",
        "sets": "1",
        "run": "30",
        "rest": "10"
    },
    {
        "codigo": "624",
        "wkg_id": "115",
        "ex_id": "159",
        "lang": "pt",
        "title": "",
        "orden": "1",
        "sets": "3",
        "run": "30",
        "rest": "30"
    },
    {
        "codigo": "625",
        "wkg_id": "34",
        "ex_id": "87",
        "lang": "pt",
        "title": "",
        "orden": "2",
        "sets": "3",
        "run": "30",
        "rest": "30"
    },
    {
        "codigo": "626",
        "wkg_id": "115",
        "ex_id": "79",
        "lang": "pt",
        "title": "",
        "orden": "3",
        "sets": "3",
        "run": "30",
        "rest": "30"
    },
    {
        "codigo": "627",
        "wkg_id": "115",
        "ex_id": "24",
        "lang": "pt",
        "title": "",
        "orden": "4",
        "sets": "3",
        "run": "30",
        "rest": "30"
    },
    {
        "codigo": "628",
        "wkg_id": "115",
        "ex_id": "91",
        "lang": "pt",
        "title": "",
        "orden": "5",
        "sets": "3",
        "run": "30",
        "rest": "30"
    },
    {
        "codigo": "629",
        "wkg_id": "115",
        "ex_id": "143",
        "lang": "pt",
        "title": "Mudar de lado",
        "orden": "6",
        "sets": "3",
        "run": "30",
        "rest": "30"
    },
    {
        "codigo": "630",
        "wkg_id": "115",
        "ex_id": "53",
        "lang": "pt",
        "title": "Mudar de lado",
        "orden": "7",
        "sets": "3",
        "run": "30",
        "rest": "10"
    },
    {
        "codigo": "631",
        "wkg_id": "115",
        "ex_id": "59",
        "lang": "pt",
        "title": "Mudar de lado",
        "orden": "8",
        "sets": "3",
        "run": "30",
        "rest": "10"
    },
    {
        "codigo": "633",
        "wkg_id": "115",
        "ex_id": "35",
        "lang": "pt",
        "title": "Mudar de lado",
        "orden": "9",
        "sets": "3",
        "run": "30",
        "rest": "10"
    },
    {
        "codigo": "634",
        "wkg_id": "115",
        "ex_id": "198",
        "lang": "pt",
        "title": "Mudar de lado",
        "orden": "10",
        "sets": "3",
        "run": "30",
        "rest": "10"
    },
    {
        "codigo": "635",
        "wkg_id": "115",
        "ex_id": "83",
        "lang": "pt",
        "title": "",
        "orden": "11",
        "sets": "3",
        "run": "15",
        "rest": "10"
    },
    {
        "codigo": "636",
        "wkg_id": "116",
        "ex_id": "51",
        "lang": "pt",
        "title": "Mudar de lado",
        "orden": "1",
        "sets": "3",
        "run": "40",
        "rest": "20"
    },
    {
        "codigo": "637",
        "wkg_id": "116",
        "ex_id": "160",
        "lang": "pt",
        "title": "",
        "orden": "2",
        "sets": "3",
        "run": "20",
        "rest": "20"
    },
    {
        "codigo": "638",
        "wkg_id": "116",
        "ex_id": "163",
        "lang": "pt",
        "title": "Mudar de lado",
        "orden": "3",
        "sets": "3",
        "run": "40",
        "rest": "20"
    },
    {
        "codigo": "639",
        "wkg_id": "116",
        "ex_id": "171",
        "lang": "pt",
        "title": "",
        "orden": "4",
        "sets": "3",
        "run": "20",
        "rest": "20"
    },
    {
        "codigo": "640",
        "wkg_id": "116",
        "ex_id": "159",
        "lang": "pt",
        "title": "",
        "orden": "5",
        "sets": "3",
        "run": "20",
        "rest": "20"
    },
    {
        "codigo": "641",
        "wkg_id": "116",
        "ex_id": "79",
        "lang": "pt",
        "title": "",
        "orden": "6",
        "sets": "3",
        "run": "20",
        "rest": "20"
    },
    {
        "codigo": "642",
        "wkg_id": "116",
        "ex_id": "91",
        "lang": "pt",
        "title": "",
        "orden": "7",
        "sets": "4",
        "run": "30",
        "rest": "30"
    },
    {
        "codigo": "643",
        "wkg_id": "116",
        "ex_id": "34",
        "lang": "pt",
        "title": "",
        "orden": "8",
        "sets": "3",
        "run": "20",
        "rest": "20"
    },
    {
        "codigo": "644",
        "wkg_id": "116",
        "ex_id": "9",
        "lang": "pt",
        "title": "",
        "orden": "9",
        "sets": "3",
        "run": "20",
        "rest": "20"
    },
    {
        "codigo": "645",
        "wkg_id": "116",
        "ex_id": "103",
        "lang": "pt",
        "title": "",
        "orden": "10",
        "sets": "3",
        "run": "20",
        "rest": "20"
    },
    {
        "codigo": "646",
        "wkg_id": "116",
        "ex_id": "134",
        "lang": "pt",
        "title": "",
        "orden": "11",
        "sets": "3",
        "run": "20",
        "rest": "20"
    }
]
